match_id,date,team1,team2,score1,score2
1,2022-11-21,Team F,Team A,2.0,4.0
2,2022-11-22,Team B,Team E,1.0,4.0
3,2022-11-23,Team B,Team F,4.0,2.0
4,2022-11-24,Team E,Team C,2.0,4.0
5,2022-11-25,Team B,Team C,1.0,1.0
6,2022-11-26,Team B,Team D,1.0,5.0
7,2022-11-27,Team B,Team E,5.0,2.0
8,2022-11-28,Team A,Team D,1.0,1.0
9,2022-11-29,Team E,Team E,1.0,
10,2022-11-30,Team B,Team A,0.0,3.0
11,2022-12-01,Team D,Team A,NULL,3.0
12,2022-12-02,Team C,Team C,NULL,1.0
13,2022-12-03,Team C,Team F,NULL,0.0
14,2022-12-04,Team F,Team A,NULL,3.0
15,2022-12-05,Team F,Team D,NULL,0.0
16,2022-12-06,Team E,Team E,NULL,2.0
17,2022-12-07,Team D,Team C,NULL,0.0
18,2022-12-08,Team A,Team D,NULL,5.0
19,2022-12-09,Team B,Team B,NULL,
20,2022-12-10,Team C,Team B,NULL,5.0
21,2022-12-11,Team A,Team B,NULL,4.0
22,2022-12-12,Team F,Team F,3.0,4.0
23,2022-12-13,Team C,Team A,3.0,0.0
24,2022-12-14,Team A,Team F,3.0,
25,2022-12-15,Team F,Team B,1.0,2.0
26,2022-12-16,Team F,Team C,2.0,1.0
27,2022-12-17,Team C,Team C,4.0,3.0
28,2022-12-18,Team E,Team C,2.0,2.0
29,2022-12-19,Team D,Team F,0.0,1.0
30,2022-12-20,Team A,Team B,3.0,3.0
31,2022-12-21,Team D,Team F,1.0,NaN
32,2022-12-22,Team C,Team B,4.0,NaN
33,2022-12-23,Team B,Team D,3.0,NaN
34,2022-12-24,Team D,Team A,1.0,NaN
35,2022-12-25,Team C,Team E,0.0,NaN
36,2022-12-26,Team B,Team B,2.0,NaN
37,2022-12-27,Team C,Team F,0.0,NaN
38,2022-12-28,Team F,Team D,4.0,NaN
39,2022-12-29,Team D,Team D,4.0,NaN
40,2022-12-30,Team B,Team E,1.0,NaN
41,2022-12-31,Team F,Team C,0.0,NaN
42,2023-01-01,Team D,Team C,0.0,
43,2023-01-02,Team A,Team E,0.0,
44,2023-01-03,Team F,Team E,0.0,5.0
45,2023-01-04,Team A,Team C,0.0,2.0
46,2023-01-05,Team F,Team E,3.0,5.0
47,2023-01-06,Team A,Team E,0.0,0.0
48,2023-01-07,Team E,Team D,5.0,1.0
49,2023-01-08,Team C,Team C,5.0,1.0
50,2023-01-09,Team D,Team A,2.0,5.0
51,2023-01-10,Team B,Team E,2.0,3.0
52,2023-01-11,Team B,Team F,2.0,0.0
53,2023-01-12,Team A,Team F,1.0,3.0
54,2023-01-13,Team E,Team E,0.0,
55,2023-01-14,Team F,Team F,4.0,5.0
56,2023-01-15,Team A,Team D,3.0,0.0
57,2023-01-16,Team B,Team B,4.0,0.0
58,2023-01-17,Team C,Team E,0.0,0.0
59,2023-01-18,Team D,Team A,,1.0
60,2023-01-19,Team D,Team F,2.0,5.0
61,2023-01-20,Team B,Team A,4.0,3.0
62,2023-01-21,Team E,Team E,2.0,2.0
63,2023-01-22,Team E,Team E,1.0,4.0
64,2023-01-23,Team F,Team A,5.0,2.0
65,2023-01-24,Team D,Team F,4.0,1.0
66,2023-01-25,Team F,Team E,0.0,3.0
67,2023-01-26,Team C,Team F,4.0,0.0
68,2023-01-27,Team E,Team C,0.0,5.0
69,2023-01-28,Team D,Team B,2.0,0.0
70,2023-01-29,Team F,Team D,5.0,1.0
71,2023-01-30,Team C,Team F,1.0,0.0
72,2023-01-31,Team E,Team B,5.0,1.0
73,2023-02-01,Team A,Team B,4.0,4.0
74,2023-02-02,Team A,Team D,3.0,0.0
75,2023-02-03,Team A,Team E,0.0,1.0
76,2023-02-04,Team D,Team F,3.0,3.0
77,2023-02-05,Team A,Team E,3.0,
78,2023-02-06,Team B,Team F,,3.0
79,2023-02-07,Team F,Team D,2.0,0.0
80,2023-02-08,Team A,Team A,2.0,
81,2023-02-09,Team D,Team B,4.0,0.0
82,2023-02-10,Team F,Team C,5.0,0.0
83,2023-02-11,Team A,Team F,5.0,3.0
84,2023-02-12,Team B,Team C,1.0,2.0
85,2023-02-13,Team F,Team E,3.0,3.0
86,2023-02-14,Team C,Team F,,4.0
87,2023-02-15,Team B,Team C,0.0,2.0
88,2023-02-16,Team B,Team B,1.0,5.0
89,2023-02-17,Team B,Team D,5.0,2.0
90,2023-02-18,Team A,Team F,5.0,5.0
91,2023-02-19,Team B,Team F,1.0,4.0
92,2023-02-20,Team B,Team D,5.0,
93,2023-02-21,Team E,Team F,0.0,0.0
94,2023-02-22,Team B,Team C,1.0,
95,2023-02-23,Team C,Team B,3.0,0.0
96,2023-02-24,Team C,Team B,1.0,1.0
97,2023-02-25,Team A,Team E,5.0,5.0
98,2023-02-26,Team C,Team F,2.0,1.0
99,2023-02-27,Team F,Team E,1.0,5.0
100,2023-02-28,Team E,Team C,0.0,
101,2023-03-01,Team E,Team D,2.0,0.0
102,2023-03-02,Team C,Team B,1.0,0.0
103,2023-03-03,Team B,Team B,2.0,2.0
104,2023-03-04,Team B,Team C,2.0,1.0
105,2023-03-05,Team D,Team C,,2.0
106,2023-03-06,Team B,Team B,,
107,2023-03-07,Team D,Team B,5.0,2.0
108,2023-03-08,Team B,Team A,5.0,1.0
109,2023-03-09,Team A,Team F,0.0,2.0
110,2023-03-10,Team E,Team F,3.0,5.0
111,2023-03-11,Team E,Team B,,
112,2023-03-12,Team A,Team F,,0.0
113,2023-03-13,Team C,Team C,0.0,1.0
114,2023-03-14,Team B,Team F,0.0,4.0
115,2023-03-15,Team B,Team F,5.0,0.0
116,2023-03-16,Team F,Team A,,1.0
117,2023-03-17,Team E,Team C,3.0,3.0
118,2023-03-18,Team E,Team C,0.0,0.0
119,2023-03-19,Team F,Team B,4.0,4.0
120,2023-03-20,Team F,Team B,2.0,4.0
121,2023-03-21,Team B,Team D,2.0,4.0
122,2023-03-22,Team D,Team F,2.0,1.0
123,2023-03-23,Team F,Team A,,
124,2023-03-24,Team E,Team A,2.0,5.0
125,2023-03-25,Team A,Team F,3.0,5.0
126,2023-03-26,Team F,Team A,3.0,
127,2023-03-27,Team A,Team A,5.0,0.0
128,2023-03-28,Team A,Team C,2.0,3.0
129,2023-03-29,Team A,Team B,3.0,
130,2023-03-30,Team E,Team A,4.0,
131,2023-03-31,Team A,Team E,1.0,0.0
132,2023-04-01,Team B,Team A,5.0,2.0
133,2023-04-02,Team A,Team F,5.0,5.0
134,2023-04-03,Team A,Team D,4.0,0.0
135,2023-04-04,Team C,Team F,4.0,
136,2023-04-05,Team B,Team B,2.0,3.0
137,2023-04-06,Team E,Team A,1.0,1.0
138,2023-04-07,Team B,Team A,1.0,2.0
139,2023-04-08,Team A,Team B,,2.0
140,2023-04-09,Team B,Team E,0.0,1.0
141,2023-04-10,Team F,Team B,,4.0
142,2023-04-11,Team D,Team A,4.0,
143,2023-04-12,Team D,Team E,5.0,1.0
144,2023-04-13,Team A,Team C,2.0,5.0
145,2023-04-14,Team E,Team B,5.0,3.0
146,2023-04-15,Team D,Team C,2.0,1.0
147,2023-04-16,Team C,Team F,0.0,3.0
148,2023-04-17,Team D,Team F,2.0,4.0
149,2023-04-18,Team E,Team C,0.0,
150,2023-04-19,Team B,Team A,5.0,2.0
151,2023-04-20,Team B,Team F,,5.0
152,2023-04-21,Team F,Team C,3.0,1.0
153,2023-04-22,Team A,Team C,2.0,3.0
154,2023-04-23,Team B,Team F,0.0,3.0
155,2023-04-24,Team B,Team E,2.0,5.0
156,2023-04-25,Team F,Team F,3.0,5.0
157,2023-04-26,Team F,Team E,0.0,
158,2023-04-27,Team F,Team D,5.0,2.0
159,2023-04-28,Team C,Team B,,0.0
160,2023-04-29,Team D,Team C,,
161,2023-04-30,Team A,Team F,1.0,
162,2023-05-01,Team C,Team D,2.0,0.0
163,2023-05-02,Team A,Team F,1.0,3.0
164,2023-05-03,Team B,Team A,3.0,4.0
165,2023-05-04,Team D,Team F,1.0,4.0
166,2023-05-05,Team C,Team A,1.0,
167,2023-05-06,Team C,Team F,1.0,1.0
168,2023-05-07,Team A,Team D,5.0,1.0
169,2023-05-08,Team B,Team A,,2.0
170,2023-05-09,Team A,Team F,3.0,
171,2023-05-10,Team D,Team F,3.0,0.0
172,2023-05-11,Team A,Team D,1.0,4.0
173,2023-05-12,Team A,Team E,2.0,3.0
174,2023-05-13,Team E,Team A,,5.0
175,2023-05-14,Team A,Team F,1.0,0.0
176,2023-05-15,Team F,Team E,4.0,
177,2023-05-16,Team F,Team B,3.0,1.0
178,2023-05-17,Team D,Team C,,3.0
179,2023-05-18,Team B,Team C,1.0,
180,2023-05-19,Team D,Team F,2.0,3.0
181,2023-05-20,Team E,Team C,5.0,3.0
182,2023-05-21,Team B,Team B,5.0,3.0
183,2023-05-22,Team F,Team E,1.0,1.0
184,2023-05-23,Team F,Team C,4.0,0.0
185,2023-05-24,Team B,Team C,1.0,1.0
186,2023-05-25,Team A,Team C,3.0,4.0
187,2023-05-26,Team C,Team F,4.0,1.0
188,2023-05-27,Team E,Team B,3.0,3.0
189,2023-05-28,Team F,Team C,3.0,2.0
190,2023-05-29,Team D,Team D,2.0,4.0
191,2023-05-30,Team B,Team C,2.0,1.0
192,2023-05-31,Team C,Team E,0.0,
193,2023-06-01,Team F,Team D,0.0,2.0
194,2023-06-02,Team B,Team A,3.0,4.0
195,2023-06-03,Team F,Team B,0.0,2.0
196,2023-06-04,Team E,Team E,2.0,5.0
197,2023-06-05,Team F,Team A,3.0,5.0
198,2023-06-06,Team E,Team E,5.0,3.0
199,2023-06-07,Team D,Team C,,3.0
200,2023-06-08,Team E,Team A,0.0,1.0
201,2023-06-09,Team A,Team C,,0.0
202,2023-06-10,Team A,Team B,3.0,0.0
203,2023-06-11,Team C,Team F,3.0,2.0
204,2023-06-12,Team D,Team D,3.0,1.0
205,2023-06-13,Team B,Team D,2.0,0.0
206,2023-06-14,Team D,Team D,0.0,2.0
207,2023-06-15,Team B,Team B,3.0,3.0
208,2023-06-16,Team A,Team B,4.0,3.0
209,2023-06-17,Team F,Team B,,5.0
210,2023-06-18,Team C,Team C,3.0,0.0
211,2023-06-19,Team F,Team A,5.0,2.0
212,2023-06-20,Team D,Team E,0.0,4.0
213,2023-06-21,Team D,Team C,,5.0
214,2023-06-22,Team D,Team F,0.0,
215,2023-06-23,Team B,Team A,4.0,2.0
216,2023-06-24,Team A,Team C,,3.0
217,2023-06-25,Team C,Team F,3.0,3.0
218,2023-06-26,Team F,Team B,5.0,3.0
219,2023-06-27,Team E,Team B,2.0,
220,2023-06-28,Team C,Team E,5.0,3.0
221,2023-06-29,Team A,Team A,0.0,3.0
222,2023-06-30,Team D,Team F,2.0,2.0
223,2023-07-01,Team A,Team F,1.0,0.0
224,2023-07-02,Team A,Team C,2.0,
225,2023-07-03,Team F,Team E,1.0,0.0
226,2023-07-04,Team B,Team A,5.0,4.0
227,2023-07-05,Team A,Team E,4.0,4.0
228,2023-07-06,Team D,Team C,1.0,0.0
229,2023-07-07,Team E,Team B,2.0,
230,2023-07-08,Team B,Team A,5.0,
231,2023-07-09,Team E,Team F,4.0,2.0
232,2023-07-10,Team D,Team B,4.0,2.0
233,2023-07-11,Team F,Team C,1.0,3.0
234,2023-07-12,Team C,Team E,5.0,1.0
235,2023-07-13,Team B,Team E,2.0,
236,2023-07-14,Team B,Team C,1.0,4.0
237,2023-07-15,Team B,Team B,1.0,
238,2023-07-16,Team D,Team C,4.0,
239,2023-07-17,Team E,Team B,1.0,5.0
240,2023-07-18,Team A,Team C,,
241,2023-07-19,Team F,Team C,0.0,
242,2023-07-20,Team D,Team D,4.0,3.0
243,2023-07-21,Team E,Team F,4.0,1.0
244,2023-07-22,Team B,Team D,,
245,2023-07-23,Team B,Team F,,4.0
246,2023-07-24,Team F,Team C,2.0,0.0
247,2023-07-25,Team A,Team D,0.0,4.0
248,2023-07-26,Team F,Team F,4.0,4.0
249,2023-07-27,Team B,Team F,2.0,2.0
250,2023-07-28,Team A,Team A,3.0,2.0
251,2023-07-29,Team D,Team A,2.0,4.0
252,2023-07-30,Team B,Team C,4.0,5.0
253,2023-07-31,Team C,Team D,2.0,3.0
254,2023-08-01,Team A,Team A,,1.0
255,2023-08-02,Team E,Team B,2.0,1.0
256,2023-08-03,Team D,Team C,0.0,0.0
257,2023-08-04,Team A,Team D,0.0,
258,2023-08-05,Team B,Team B,3.0,1.0
259,2023-08-06,Team C,Team C,1.0,5.0
260,2023-08-07,Team A,Team A,2.0,
261,2023-08-08,Team C,Team A,4.0,1.0
262,2023-08-09,Team B,Team F,5.0,5.0
263,2023-08-10,Team D,Team A,,4.0
264,2023-08-11,Team F,Team B,2.0,2.0
265,2023-08-12,Team E,Team B,3.0,2.0
266,2023-08-13,Team B,Team C,,4.0
267,2023-08-14,Team A,Team A,2.0,4.0
268,2023-08-15,Team D,Team F,,5.0
269,2023-08-16,Team F,Team D,3.0,1.0
270,2023-08-17,Team E,Team A,3.0,5.0
271,2023-08-18,Team E,Team A,,4.0
272,2023-08-19,Team A,Team D,5.0,3.0
273,2023-08-20,Team D,Team C,2.0,
274,2023-08-21,Team A,Team B,3.0,3.0
275,2023-08-22,Team C,Team F,3.0,0.0
276,2023-08-23,Team E,Team B,1.0,3.0
277,2023-08-24,Team D,Team A,4.0,1.0
278,2023-08-25,Team D,Team B,4.0,0.0
279,2023-08-26,Team E,Team A,0.0,4.0
280,2023-08-27,Team D,Team C,1.0,5.0
281,2023-08-28,Team A,Team A,,0.0
282,2023-08-29,Team C,Team A,0.0,5.0
283,2023-08-30,Team A,Team B,,1.0
284,2023-08-31,Team D,Team A,,5.0
285,2023-09-01,Team C,Team F,0.0,0.0
286,2023-09-02,Team E,Team E,5.0,3.0
287,2023-09-03,Team D,Team D,0.0,3.0
288,2023-09-04,Team E,Team D,2.0,0.0
289,2023-09-05,Team D,Team E,5.0,1.0
290,2023-09-06,Team D,Team B,4.0,4.0
291,2023-09-07,Team F,Team D,3.0,3.0
292,2023-09-08,Team A,Team A,1.0,
293,2023-09-09,Team D,Team A,5.0,0.0
294,2023-09-10,Team C,Team C,3.0,0.0
295,2023-09-11,Team C,Team D,,1.0
296,2023-09-12,Team B,Team B,3.0,3.0
297,2023-09-13,Team E,Team E,5.0,5.0
298,2023-09-14,Team B,Team A,3.0,4.0
299,2023-09-15,Team E,Team A,0.0,0.0
300,2023-09-16,Team E,Team B,,3.0
301,2023-09-17,Team B,Team A,,3.0
302,2023-09-18,Team D,Team E,,
303,2023-09-19,Team A,Team C,4.0,1.0
304,2023-09-20,Team D,Team A,5.0,0.0
305,2023-09-21,Team F,Team F,0.0,5.0
306,2023-09-22,Team F,Team A,0.0,2.0
307,2023-09-23,Team B,Team C,3.0,5.0
308,2023-09-24,Team A,Team B,,
309,2023-09-25,Team C,Team D,1.0,5.0
310,2023-09-26,Team A,Team A,2.0,5.0
311,2023-09-27,Team F,Team A,,2.0
312,2023-09-28,Team A,Team B,4.0,2.0
313,2023-09-29,Team E,Team E,0.0,5.0
314,2023-09-30,Team F,Team C,4.0,2.0
315,2023-10-01,Team E,Team D,5.0,5.0
316,2023-10-02,Team E,Team F,1.0,0.0
317,2023-10-03,Team C,Team E,1.0,
318,2023-10-04,Team A,Team B,4.0,2.0
319,2023-10-05,Team A,Team C,3.0,5.0
320,2023-10-06,Team A,Team E,5.0,5.0
321,2023-10-07,Team E,Team F,,5.0
322,2023-10-08,Team E,Team C,4.0,4.0
323,2023-10-09,Team F,Team E,2.0,2.0
324,2023-10-10,Team E,Team A,5.0,4.0
325,2023-10-11,Team A,Team E,0.0,0.0
326,2023-10-12,Team D,Team D,,
327,2023-10-13,Team F,Team F,5.0,4.0
328,2023-10-14,Team A,Team C,0.0,0.0
329,2023-10-15,Team D,Team E,0.0,2.0
330,2023-10-16,Team B,Team F,5.0,1.0
331,2023-10-17,Team E,Team A,1.0,5.0
332,2023-10-18,Team F,Team D,4.0,2.0
333,2023-10-19,Team C,Team F,4.0,
334,2023-10-20,Team B,Team D,3.0,
335,2023-10-21,Team D,Team A,3.0,2.0
336,2023-10-22,Team E,Team D,2.0,3.0
337,2023-10-23,Team F,Team D,3.0,
338,2023-10-24,Team F,Team A,,
339,2023-10-25,Team B,Team E,2.0,
340,2023-10-26,Team F,Team C,5.0,5.0
341,2023-10-27,Team D,Team A,3.0,0.0
342,2023-10-28,Team C,Team D,3.0,0.0
343,2023-10-29,Team D,Team B,5.0,1.0
344,2023-10-30,Team F,Team D,3.0,5.0
345,2023-10-31,Team C,Team A,,1.0
346,2023-11-01,Team B,Team F,3.0,1.0
347,2023-11-02,Team C,Team A,,
348,2023-11-03,Team C,Team A,1.0,
349,2023-11-04,Team B,Team E,0.0,4.0
350,2023-11-05,Team B,Team E,4.0,1.0
351,2023-11-06,Team C,Team E,4.0,1.0
352,2023-11-07,Team D,Team D,5.0,1.0
353,2023-11-08,Team F,Team E,0.0,1.0
354,2023-11-09,Team F,Team A,5.0,3.0
355,2023-11-10,Team F,Team F,,0.0
356,2023-11-11,Team C,Team C,3.0,3.0
357,2023-11-12,Team E,Team E,1.0,5.0
358,2023-11-13,Team A,Team D,5.0,5.0
359,2023-11-14,Team A,Team F,3.0,4.0
360,2023-11-15,Team E,Team E,3.0,3.0
361,2023-11-16,Team F,Team B,3.0,
362,2023-11-17,Team A,Team D,1.0,2.0
363,2023-11-18,Team B,Team F,5.0,
364,2023-11-19,Team C,Team D,1.0,4.0
365,2023-11-20,Team D,Team D,0.0,4.0
366,2023-11-21,Team C,Team C,0.0,4.0
367,2023-11-22,Team B,Team B,0.0,1.0
368,2023-11-23,Team E,Team B,5.0,2.0
369,2023-11-24,Team F,Team C,1.0,1.0
370,2023-11-25,Team C,Team A,4.0,0.0
371,2023-11-26,Team A,Team C,3.0,3.0
372,2023-11-27,Team A,Team C,0.0,5.0
373,2023-11-28,Team E,Team C,4.0,
374,2023-11-29,Team C,Team C,3.0,5.0
375,2023-11-30,Team D,Team C,0.0,0.0
376,2023-12-01,Team F,Team E,5.0,0.0
377,2023-12-02,Team D,Team D,1.0,3.0
378,2023-12-03,Team E,Team B,3.0,
379,2023-12-04,Team D,Team A,,2.0
380,2023-12-05,Team E,Team F,4.0,4.0
381,2023-12-06,Team D,Team B,2.0,3.0
382,2023-12-07,Team A,Team E,2.0,0.0
383,2023-12-08,Team E,Team A,,4.0
384,2023-12-09,Team C,Team C,,3.0
385,2023-12-10,Team A,Team C,0.0,0.0
386,2023-12-11,Team A,Team E,3.0,
387,2023-12-12,Team A,Team F,2.0,2.0
388,2023-12-13,Team E,Team A,3.0,5.0
389,2023-12-14,Team D,Team D,4.0,5.0
390,2023-12-15,Team D,Team A,5.0,3.0
391,2023-12-16,Team C,Team B,,1.0
392,2023-12-17,Team A,Team B,1.0,3.0
393,2023-12-18,Team C,Team E,4.0,2.0
394,2023-12-19,Team A,Team C,5.0,5.0
395,2023-12-20,Team F,Team A,3.0,1.0
396,2023-12-21,Team D,Team D,2.0,4.0
397,2023-12-22,Team A,Team C,5.0,3.0
398,2023-12-23,Team E,Team D,5.0,5.0
399,2023-12-24,Team F,Team D,1.0,0.0
400,2023-12-25,Team D,Team D,1.0,
401,2023-12-26,Team B,Team B,2.0,4.0
402,2023-12-27,Team F,Team B,2.0,2.0
403,2023-12-28,Team B,Team F,2.0,0.0
404,2023-12-29,Team A,Team F,0.0,4.0
405,2023-12-30,Team F,Team A,1.0,1.0
406,2023-12-31,Team F,Team A,4.0,4.0
407,2024-01-01,Team E,Team D,3.0,2.0
408,2024-01-02,Team C,Team E,,2.0
409,2024-01-03,Team E,Team D,2.0,
410,2024-01-04,Team B,Team F,0.0,2.0
411,2024-01-05,Team A,Team B,5.0,1.0
412,2024-01-06,Team D,Team A,,2.0
413,2024-01-07,Team B,Team C,0.0,
414,2024-01-08,Team A,Team B,5.0,2.0
415,2024-01-09,Team C,Team A,0.0,4.0
416,2024-01-10,Team F,Team E,2.0,2.0
417,2024-01-11,Team D,Team D,0.0,
418,2024-01-12,Team C,Team B,1.0,4.0
419,2024-01-13,Team C,Team E,,
420,2024-01-14,Team F,Team A,2.0,4.0
421,2024-01-15,Team E,Team E,3.0,2.0
422,2024-01-16,Team D,Team D,2.0,0.0
423,2024-01-17,Team E,Team B,3.0,4.0
424,2024-01-18,Team D,Team F,4.0,3.0
425,2024-01-19,Team E,Team A,,3.0
426,2024-01-20,Team F,Team D,3.0,2.0
427,2024-01-21,Team A,Team C,5.0,3.0
428,2024-01-22,Team D,Team B,4.0,3.0
429,2024-01-23,Team C,Team C,,1.0
430,2024-01-24,Team A,Team B,0.0,4.0
431,2024-01-25,Team B,Team E,,
432,2024-01-26,Team B,Team C,4.0,4.0
433,2024-01-27,Team A,Team D,4.0,
434,2024-01-28,Team C,Team B,2.0,3.0
435,2024-01-29,Team E,Team E,0.0,4.0
436,2024-01-30,Team A,Team B,3.0,5.0
437,2024-01-31,Team C,Team B,2.0,5.0
438,2024-02-01,Team F,Team D,5.0,5.0
439,2024-02-02,Team F,Team D,2.0,
440,2024-02-03,Team A,Team D,5.0,2.0
441,2024-02-04,Team C,Team C,3.0,1.0
442,2024-02-05,Team E,Team E,4.0,2.0
443,2024-02-06,Team A,Team C,1.0,0.0
444,2024-02-07,Team A,Team F,4.0,
445,2024-02-08,Team E,Team D,0.0,3.0
446,2024-02-09,Team C,Team A,4.0,2.0
447,2024-02-10,Team E,Team D,3.0,1.0
448,2024-02-11,Team F,Team E,4.0,4.0
449,2024-02-12,Team E,Team B,,1.0
450,2024-02-13,Team E,Team E,5.0,1.0
451,2024-02-14,Team A,Team A,2.0,4.0
452,2024-02-15,Team B,Team F,1.0,5.0
453,2024-02-16,Team B,Team E,3.0,5.0
454,2024-02-17,Team D,Team D,,4.0
455,2024-02-18,Team E,Team C,5.0,1.0
456,2024-02-19,Team F,Team C,2.0,0.0
457,2024-02-20,Team A,Team D,0.0,5.0
458,2024-02-21,Team B,Team A,,4.0
459,2024-02-22,Team B,Team C,2.0,3.0
460,2024-02-23,Team D,Team C,0.0,1.0
461,2024-02-24,Team F,Team C,1.0,
462,2024-02-25,Team A,Team A,0.0,2.0
463,2024-02-26,Team D,Team F,,4.0
464,2024-02-27,Team A,Team A,,4.0
465,2024-02-28,Team D,Team F,5.0,4.0
466,2024-02-29,Team E,Team E,5.0,3.0
467,2024-03-01,Team F,Team D,5.0,
468,2024-03-02,Team D,Team E,5.0,2.0
469,2024-03-03,Team E,Team B,1.0,5.0
470,2024-03-04,Team F,Team F,5.0,2.0
471,2024-03-05,Team D,Team F,1.0,4.0
472,2024-03-06,Team E,Team D,5.0,5.0
473,2024-03-07,Team B,Team B,5.0,4.0
474,2024-03-08,Team F,Team C,0.0,0.0
475,2024-03-09,Team D,Team D,3.0,
476,2024-03-10,Team D,Team C,2.0,5.0
477,2024-03-11,Team A,Team E,2.0,4.0
478,2024-03-12,Team A,Team B,3.0,3.0
479,2024-03-13,Team A,Team A,5.0,1.0
480,2024-03-14,Team D,Team F,3.0,5.0
481,2024-03-15,Team F,Team F,0.0,3.0
482,2024-03-16,Team D,Team A,5.0,3.0
483,2024-03-17,Team A,Team A,3.0,2.0
484,2024-03-18,Team D,Team D,2.0,1.0
485,2024-03-19,Team F,Team E,5.0,4.0
486,2024-03-20,Team E,Team B,0.0,4.0
487,2024-03-21,Team B,Team D,4.0,5.0
488,2024-03-22,Team D,Team B,2.0,2.0
489,2024-03-23,Team E,Team A,1.0,4.0
490,2024-03-24,Team D,Team E,3.0,2.0
491,2024-03-25,Team E,Team A,5.0,4.0
492,2024-03-26,Team F,Team C,1.0,0.0
493,2024-03-27,Team F,Team B,5.0,2.0
494,2024-03-28,Team F,Team C,2.0,
495,2024-03-29,Team D,Team C,2.0,1.0
496,2024-03-30,Team F,Team E,,1.0
497,2024-03-31,Team C,Team A,2.0,3.0
498,2024-04-01,Team F,Team E,1.0,1.0
499,2024-04-02,Team C,Team B,1.0,4.0
500,2024-04-03,Team F,Team E,5.0,2.0
501,2024-04-04,Team F,Team D,3.0,0.0
502,2024-04-05,Team E,Team A,3.0,
503,2024-04-06,Team A,Team A,,3.0
504,2024-04-07,Team A,Team B,1.0,5.0
505,2024-04-08,Team F,Team D,0.0,4.0
506,2024-04-09,Team A,Team F,4.0,5.0
507,2024-04-10,Team A,Team F,4.0,2.0
508,2024-04-11,Team C,Team C,,4.0
509,2024-04-12,Team A,Team F,5.0,2.0
510,2024-04-13,Team A,Team C,0.0,5.0
511,2024-04-14,Team C,Team A,1.0,1.0
512,2024-04-15,Team F,Team D,5.0,3.0
513,2024-04-16,Team C,Team A,2.0,0.0
514,2024-04-17,Team A,Team B,5.0,5.0
515,2024-04-18,Team B,Team F,1.0,2.0
516,2024-04-19,Team C,Team A,4.0,0.0
517,2024-04-20,Team B,Team D,1.0,0.0
518,2024-04-21,Team E,Team E,5.0,2.0
519,2024-04-22,Team B,Team F,5.0,5.0
520,2024-04-23,Team B,Team B,5.0,2.0
521,2024-04-24,Team E,Team E,,
522,2024-04-25,Team A,Team F,1.0,1.0
523,2024-04-26,Team A,Team F,2.0,4.0
524,2024-04-27,Team B,Team B,0.0,2.0
525,2024-04-28,Team B,Team F,2.0,
526,2024-04-29,Team A,Team E,3.0,2.0
527,2024-04-30,Team A,Team F,3.0,4.0
528,2024-05-01,Team D,Team D,2.0,0.0
529,2024-05-02,Team E,Team A,,3.0
530,2024-05-03,Team F,Team D,0.0,3.0
531,2024-05-04,Team B,Team D,1.0,4.0
532,2024-05-05,Team C,Team E,3.0,
533,2024-05-06,Team F,Team F,0.0,
534,2024-05-07,Team A,Team E,,2.0
535,2024-05-08,Team D,Team F,2.0,0.0
536,2024-05-09,Team C,Team D,4.0,2.0
537,2024-05-10,Team B,Team C,3.0,0.0
538,2024-05-11,Team F,Team D,2.0,4.0
539,2024-05-12,Team C,Team A,1.0,
540,2024-05-13,Team F,Team F,5.0,0.0
541,2024-05-14,Team A,Team A,4.0,0.0
542,2024-05-15,Team B,Team D,,0.0
543,2024-05-16,Team F,Team D,1.0,3.0
544,2024-05-17,Team C,Team D,0.0,3.0
545,2024-05-18,Team E,Team F,3.0,0.0
546,2024-05-19,Team F,Team E,4.0,
547,2024-05-20,Team A,Team A,3.0,1.0
548,2024-05-21,Team B,Team A,2.0,0.0
549,2024-05-22,Team C,Team D,5.0,3.0
550,2024-05-23,Team D,Team C,0.0,5.0
551,2024-05-24,Team A,Team B,4.0,4.0
552,2024-05-25,Team B,Team F,3.0,1.0
553,2024-05-26,Team A,Team D,2.0,1.0
554,2024-05-27,Team B,Team E,,
555,2024-05-28,Team E,Team C,,
556,2024-05-29,Team B,Team A,3.0,
557,2024-05-30,Team A,Team D,5.0,5.0
558,2024-05-31,Team C,Team D,2.0,5.0
559,2024-06-01,Team A,Team C,,
560,2024-06-02,Team C,Team B,5.0,1.0
561,2024-06-03,Team B,Team F,,4.0
562,2024-06-04,Team A,Team F,2.0,3.0
563,2024-06-05,Team F,Team F,1.0,1.0
564,2024-06-06,Team B,Team A,5.0,
565,2024-06-07,Team E,Team B,1.0,2.0
566,2024-06-08,Team F,Team D,5.0,5.0
567,2024-06-09,Team C,Team E,,3.0
568,2024-06-10,Team A,Team A,3.0,
569,2024-06-11,Team C,Team A,4.0,2.0
570,2024-06-12,Team C,Team E,3.0,2.0
571,2024-06-13,Team C,Team D,1.0,1.0
572,2024-06-14,Team D,Team B,0.0,2.0
573,2024-06-15,Team D,Team D,1.0,
574,2024-06-16,Team A,Team E,4.0,3.0
575,2024-06-17,Team C,Team D,5.0,4.0
576,2024-06-18,Team C,Team D,2.0,
577,2024-06-19,Team D,Team E,3.0,1.0
578,2024-06-20,Team D,Team D,0.0,
579,2024-06-21,Team B,Team A,3.0,
580,2024-06-22,Team F,Team E,0.0,4.0
581,2024-06-23,Team F,Team A,0.0,2.0
582,2024-06-24,Team F,Team E,,2.0
583,2024-06-25,Team B,Team B,0.0,1.0
584,2024-06-26,Team F,Team D,2.0,2.0
585,2024-06-27,Team B,Team F,,3.0
586,2024-06-28,Team E,Team C,2.0,2.0
587,2024-06-29,Team E,Team E,3.0,1.0
588,2024-06-30,Team C,Team E,1.0,
589,2024-07-01,Team C,Team A,5.0,3.0
590,2024-07-02,Team A,Team A,4.0,3.0
591,2024-07-03,Team B,Team B,4.0,4.0
592,2024-07-04,Team D,Team D,2.0,1.0
593,2024-07-05,Team D,Team E,3.0,4.0
594,2024-07-06,Team F,Team C,2.0,5.0
595,2024-07-07,Team A,Team E,2.0,3.0
596,2024-07-08,Team C,Team C,3.0,0.0
597,2024-07-09,Team C,Team E,0.0,4.0
598,2024-07-10,Team E,Team B,0.0,5.0
599,2024-07-11,Team F,Team E,4.0,5.0
600,2024-07-12,Team D,Team D,0.0,3.0
601,2024-07-13,Team F,Team A,2.0,3.0
602,2024-07-14,Team C,Team A,5.0,3.0
603,2024-07-15,Team A,Team F,3.0,0.0
604,2024-07-16,Team D,Team F,1.0,
605,2024-07-17,Team E,Team C,2.0,0.0
606,2024-07-18,Team E,Team C,4.0,
607,2024-07-19,Team E,Team B,4.0,
608,2024-07-20,Team C,Team D,,4.0
609,2024-07-21,Team E,Team F,3.0,3.0
610,2024-07-22,Team D,Team A,4.0,0.0
611,2024-07-23,Team C,Team B,3.0,4.0
612,2024-07-24,Team E,Team E,4.0,0.0
613,2024-07-25,Team E,Team D,2.0,
614,2024-07-26,Team B,Team A,5.0,
615,2024-07-27,Team D,Team B,,2.0
616,2024-07-28,Team A,Team A,1.0,
617,2024-07-29,Team B,Team F,5.0,0.0
618,2024-07-30,Team D,Team B,0.0,2.0
619,2024-07-31,Team E,Team B,2.0,5.0
620,2024-08-01,Team A,Team E,2.0,5.0
621,2024-08-02,Team C,Team D,2.0,4.0
622,2024-08-03,Team E,Team D,1.0,4.0
623,2024-08-04,Team C,Team E,2.0,0.0
624,2024-08-05,Team B,Team A,,4.0
625,2024-08-06,Team B,Team D,3.0,1.0
626,2024-08-07,Team D,Team A,3.0,5.0
627,2024-08-08,Team B,Team C,0.0,
628,2024-08-09,Team C,Team B,4.0,1.0
629,2024-08-10,Team D,Team F,2.0,2.0
630,2024-08-11,Team B,Team C,0.0,3.0
631,2024-08-12,Team A,Team E,1.0,0.0
632,2024-08-13,Team F,Team B,,1.0
633,2024-08-14,Team F,Team B,5.0,0.0
634,2024-08-15,Team A,Team E,3.0,1.0
635,2024-08-16,Team E,Team D,4.0,5.0
636,2024-08-17,Team B,Team A,2.0,5.0
637,2024-08-18,Team B,Team D,4.0,
638,2024-08-19,Team F,Team A,2.0,2.0
639,2024-08-20,Team D,Team A,0.0,
640,2024-08-21,Team B,Team C,3.0,5.0
641,2024-08-22,Team B,Team C,5.0,4.0
642,2024-08-23,Team C,Team F,3.0,0.0
643,2024-08-24,Team B,Team D,5.0,5.0
644,2024-08-25,Team E,Team C,2.0,0.0
645,2024-08-26,Team A,Team E,4.0,1.0
646,2024-08-27,Team D,Team A,3.0,
647,2024-08-28,Team E,Team F,,2.0
648,2024-08-29,Team C,Team B,5.0,1.0
649,2024-08-30,Team E,Team C,5.0,0.0
650,2024-08-31,Team D,Team A,3.0,
651,2024-09-01,Team C,Team D,,
652,2024-09-02,Team D,Team B,2.0,3.0
653,2024-09-03,Team E,Team F,2.0,3.0
654,2024-09-04,Team B,Team B,0.0,
655,2024-09-05,Team E,Team D,,
656,2024-09-06,Team E,Team B,3.0,0.0
657,2024-09-07,Team F,Team B,2.0,5.0
658,2024-09-08,Team A,Team F,4.0,1.0
659,2024-09-09,Team D,Team C,5.0,4.0
660,2024-09-10,Team D,Team C,1.0,2.0
661,2024-09-11,Team B,Team E,,5.0
662,2024-09-12,Team A,Team A,,0.0
663,2024-09-13,Team A,Team B,2.0,1.0
664,2024-09-14,Team D,Team D,4.0,5.0
665,2024-09-15,Team B,Team A,1.0,4.0
666,2024-09-16,Team E,Team C,1.0,5.0
667,2024-09-17,Team C,Team C,,5.0
668,2024-09-18,Team F,Team B,4.0,5.0
669,2024-09-19,Team F,Team F,2.0,
670,2024-09-20,Team D,Team A,1.0,5.0
671,2024-09-21,Team E,Team A,3.0,5.0
672,2024-09-22,Team D,Team C,1.0,2.0
673,2024-09-23,Team E,Team D,2.0,1.0
674,2024-09-24,Team C,Team B,,5.0
675,2024-09-25,Team C,Team F,3.0,
676,2024-09-26,Team C,Team A,0.0,
677,2024-09-27,Team B,Team F,5.0,0.0
678,2024-09-28,Team F,Team A,1.0,2.0
679,2024-09-29,Team E,Team A,1.0,1.0
680,2024-09-30,Team C,Team E,0.0,0.0
681,2024-10-01,Team D,Team B,3.0,0.0
682,2024-10-02,Team B,Team E,,
683,2024-10-03,Team E,Team C,4.0,0.0
684,2024-10-04,Team C,Team C,4.0,1.0
685,2024-10-05,Team D,Team C,0.0,4.0
686,2024-10-06,Team B,Team A,3.0,
687,2024-10-07,Team F,Team F,1.0,4.0
688,2024-10-08,Team F,Team F,3.0,0.0
689,2024-10-09,Team F,Team C,3.0,1.0
690,2024-10-10,Team D,Team C,2.0,5.0
691,2024-10-11,Team E,Team B,5.0,5.0
692,2024-10-12,Team A,Team C,3.0,2.0
693,2024-10-13,Team D,Team C,3.0,1.0
694,2024-10-14,Team A,Team E,0.0,2.0
695,2024-10-15,Team B,Team C,0.0,3.0
696,2024-10-16,Team E,Team A,3.0,0.0
697,2024-10-17,Team D,Team A,,4.0
698,2024-10-18,Team D,Team E,0.0,5.0
699,2024-10-19,Team A,Team D,2.0,2.0
700,2024-10-20,Team E,Team F,,2.0
701,2024-10-21,Team E,Team A,5.0,1.0
702,2024-10-22,Team F,Team F,5.0,
703,2024-10-23,Team C,Team A,0.0,1.0
704,2024-10-24,Team A,Team A,2.0,4.0
705,2024-10-25,Team E,Team B,0.0,
706,2024-10-26,Team F,Team F,3.0,2.0
707,2024-10-27,Team F,Team D,,2.0
708,2024-10-28,Team C,Team E,3.0,5.0
709,2024-10-29,Team F,Team C,4.0,5.0
710,2024-10-30,Team A,Team E,5.0,5.0
711,2024-10-31,Team E,Team B,0.0,3.0
712,2024-11-01,Team C,Team F,5.0,3.0
713,2024-11-02,Team C,Team C,3.0,2.0
714,2024-11-03,Team B,Team F,,2.0
715,2024-11-04,Team B,Team D,2.0,0.0
716,2024-11-05,Team F,Team A,2.0,5.0
717,2024-11-06,Team E,Team E,0.0,
718,2024-11-07,Team F,Team D,1.0,1.0
719,2024-11-08,Team D,Team F,0.0,5.0
720,2024-11-09,Team A,Team B,5.0,1.0
721,2024-11-10,Team C,Team C,2.0,5.0
722,2024-11-11,Team F,Team A,,2.0
723,2024-11-12,Team B,Team D,,
724,2024-11-13,Team B,Team E,0.0,
725,2024-11-14,Team C,Team F,,0.0
726,2024-11-15,Team F,Team C,3.0,
727,2024-11-16,Team A,Team B,3.0,5.0
728,2024-11-17,Team F,Team F,4.0,
729,2024-11-18,Team E,Team A,1.0,
730,2024-11-19,Team D,Team F,3.0,0.0
731,2024-11-20,Team F,Team B,2.0,3.0
732,2024-11-21,Team A,Team D,3.0,4.0
733,2024-11-22,Team A,Team F,4.0,4.0
734,2024-11-23,Team A,Team D,4.0,
735,2024-11-24,Team B,Team C,2.0,
736,2024-11-25,Team F,Team B,0.0,2.0
737,2024-11-26,Team C,Team E,0.0,3.0
738,2024-11-27,Team D,Team E,,4.0
739,2024-11-28,Team F,Team A,0.0,3.0
740,2024-11-29,Team F,Team F,1.0,3.0
741,2024-11-30,Team C,Team B,,2.0
742,2024-12-01,Team C,Team B,2.0,1.0
743,2024-12-02,Team E,Team E,1.0,3.0
744,2024-12-03,Team C,Team E,3.0,4.0
745,2024-12-04,Team C,Team C,5.0,5.0
746,2024-12-05,Team D,Team D,5.0,0.0
747,2024-12-06,Team F,Team E,0.0,4.0
748,2024-12-07,Team B,Team D,1.0,2.0
749,2024-12-08,Team E,Team C,1.0,0.0
750,2024-12-09,Team F,Team F,3.0,2.0
751,2024-12-10,Team B,Team A,2.0,5.0
752,2024-12-11,Team F,Team C,3.0,1.0
753,2024-12-12,Team B,Team C,1.0,0.0
754,2024-12-13,Team E,Team D,3.0,1.0
755,2024-12-14,Team E,Team A,1.0,0.0
756,2024-12-15,Team C,Team B,2.0,0.0
757,2024-12-16,Team D,Team F,2.0,4.0
758,2024-12-17,Team C,Team D,4.0,2.0
759,2024-12-18,Team D,Team E,,3.0
760,2024-12-19,Team F,Team C,0.0,4.0
761,2024-12-20,Team A,Team D,4.0,1.0
762,2024-12-21,Team F,Team A,3.0,0.0
763,2024-12-22,Team B,Team A,0.0,2.0
764,2024-12-23,Team E,Team F,,0.0
765,2024-12-24,Team B,Team D,,5.0
766,2024-12-25,Team A,Team E,4.0,1.0
767,2024-12-26,Team F,Team C,3.0,1.0
768,2024-12-27,Team E,Team B,0.0,2.0
769,2024-12-28,Team E,Team E,2.0,1.0
770,2024-12-29,Team C,Team F,1.0,3.0
771,2024-12-30,Team C,Team F,1.0,0.0
772,2024-12-31,Team F,Team A,4.0,4.0
773,2025-01-01,Team F,Team E,2.0,0.0
774,2025-01-02,Team E,Team A,2.0,4.0
775,2025-01-03,Team B,Team D,1.0,
776,2025-01-04,Team A,Team A,0.0,2.0
777,2025-01-05,Team E,Team B,,2.0
778,2025-01-06,Team D,Team C,1.0,2.0
779,2025-01-07,Team E,Team B,5.0,3.0
780,2025-01-08,Team B,Team B,,5.0
781,2025-01-09,Team E,Team F,0.0,4.0
782,2025-01-10,Team A,Team B,,
783,2025-01-11,Team E,Team A,5.0,4.0
784,2025-01-12,Team B,Team C,4.0,5.0
785,2025-01-13,Team D,Team F,2.0,4.0
786,2025-01-14,Team A,Team F,4.0,2.0
787,2025-01-15,Team F,Team D,5.0,1.0
788,2025-01-16,Team D,Team E,5.0,5.0
789,2025-01-17,Team C,Team E,4.0,0.0
790,2025-01-18,Team D,Team D,0.0,4.0
791,2025-01-19,Team B,Team E,1.0,5.0
792,2025-01-20,Team A,Team F,2.0,
793,2025-01-21,Team E,Team A,2.0,1.0
794,2025-01-22,Team D,Team C,2.0,4.0
795,2025-01-23,Team C,Team A,4.0,1.0
796,2025-01-24,Team E,Team D,,
797,2025-01-25,Team D,Team F,4.0,4.0
798,2025-01-26,Team E,Team F,,5.0
799,2025-01-27,Team C,Team E,1.0,2.0
800,2025-01-28,Team E,Team A,0.0,5.0
801,2025-01-29,Team C,Team C,1.0,
802,2025-01-30,Team F,Team F,1.0,5.0
803,2025-01-31,Team A,Team A,3.0,5.0
804,2025-02-01,Team F,Team E,3.0,1.0
805,2025-02-02,Team D,Team D,5.0,
806,2025-02-03,Team E,Team E,0.0,0.0
807,2025-02-04,Team A,Team F,3.0,0.0
808,2025-02-05,Team B,Team B,,0.0
809,2025-02-06,Team A,Team F,2.0,4.0
810,2025-02-07,Team B,Team B,3.0,1.0
811,2025-02-08,Team B,Team A,5.0,3.0
812,2025-02-09,Team F,Team A,,1.0
813,2025-02-10,Team C,Team E,,
814,2025-02-11,Team E,Team F,5.0,0.0
815,2025-02-12,Team D,Team A,,1.0
816,2025-02-13,Team F,Team D,5.0,3.0
817,2025-02-14,Team D,Team B,2.0,3.0
818,2025-02-15,Team A,Team B,3.0,4.0
819,2025-02-16,Team A,Team D,0.0,
820,2025-02-17,Team C,Team D,0.0,
821,2025-02-18,Team D,Team E,0.0,
822,2025-02-19,Team B,Team B,1.0,5.0
823,2025-02-20,Team F,Team C,2.0,0.0
824,2025-02-21,Team B,Team E,0.0,3.0
825,2025-02-22,Team B,Team D,1.0,3.0
826,2025-02-23,Team E,Team D,1.0,0.0
827,2025-02-24,Team C,Team A,2.0,0.0
828,2025-02-25,Team A,Team F,1.0,1.0
829,2025-02-26,Team A,Team A,2.0,4.0
830,2025-02-27,Team A,Team D,0.0,1.0
831,2025-02-28,Team D,Team D,,0.0
832,2025-03-01,Team B,Team C,4.0,2.0
833,2025-03-02,Team C,Team B,,3.0
834,2025-03-03,Team F,Team F,,0.0
835,2025-03-04,Team D,Team E,,
836,2025-03-05,Team B,Team D,1.0,4.0
837,2025-03-06,Team B,Team A,3.0,
838,2025-03-07,Team D,Team D,,3.0
839,2025-03-08,Team E,Team E,4.0,
840,2025-03-09,Team B,Team E,1.0,
841,2025-03-10,Team C,Team B,2.0,5.0
842,2025-03-11,Team B,Team C,2.0,1.0
843,2025-03-12,Team F,Team C,5.0,4.0
844,2025-03-13,Team F,Team E,3.0,0.0
845,2025-03-14,Team B,Team F,4.0,4.0
846,2025-03-15,Team F,Team E,,4.0
847,2025-03-16,Team F,Team E,,4.0
848,2025-03-17,Team F,Team A,0.0,0.0
849,2025-03-18,Team C,Team E,2.0,5.0
850,2025-03-19,Team E,Team C,3.0,3.0
851,2025-03-20,Team D,Team A,3.0,4.0
852,2025-03-21,Team F,Team D,2.0,0.0
853,2025-03-22,Team D,Team D,5.0,5.0
854,2025-03-23,Team B,Team C,3.0,
855,2025-03-24,Team E,Team B,0.0,2.0
856,2025-03-25,Team F,Team B,2.0,3.0
857,2025-03-26,Team F,Team B,0.0,4.0
858,2025-03-27,Team E,Team E,,1.0
859,2025-03-28,Team F,Team B,4.0,2.0
860,2025-03-29,Team E,Team A,2.0,0.0
861,2025-03-30,Team C,Team E,5.0,5.0
862,2025-03-31,Team B,Team A,0.0,2.0
863,2025-04-01,Team C,Team A,1.0,
864,2025-04-02,Team E,Team E,2.0,3.0
865,2025-04-03,Team D,Team B,1.0,4.0
866,2025-04-04,Team D,Team A,4.0,
867,2025-04-05,Team E,Team E,3.0,5.0
868,2025-04-06,Team E,Team D,2.0,2.0
869,2025-04-07,Team E,Team D,4.0,4.0
870,2025-04-08,Team D,Team E,0.0,
871,2025-04-09,Team D,Team C,1.0,4.0
872,2025-04-10,Team D,Team C,0.0,4.0
873,2025-04-11,Team A,Team C,4.0,4.0
874,2025-04-12,Team E,Team F,4.0,
875,2025-04-13,Team F,Team B,3.0,0.0
876,2025-04-14,Team C,Team C,1.0,4.0
877,2025-04-15,Team C,Team B,3.0,0.0
878,2025-04-16,Team D,Team C,5.0,0.0
879,2025-04-17,Team C,Team B,3.0,2.0
880,2025-04-18,Team C,Team D,0.0,1.0
881,2025-04-19,Team D,Team F,0.0,5.0
882,2025-04-20,Team F,Team F,5.0,4.0
883,2025-04-21,Team A,Team A,0.0,5.0
884,2025-04-22,Team B,Team C,,3.0
885,2025-04-23,Team B,Team A,1.0,5.0
886,2025-04-24,Team C,Team B,0.0,2.0
887,2025-04-25,Team C,Team C,0.0,3.0
888,2025-04-26,Team E,Team B,5.0,3.0
889,2025-04-27,Team E,Team A,,3.0
890,2025-04-28,Team C,Team A,,
891,2025-04-29,Team F,Team B,,3.0
892,2025-04-30,Team F,Team B,0.0,3.0
893,2025-05-01,Team D,Team D,2.0,1.0
894,2025-05-02,Team C,Team E,1.0,
895,2025-05-03,Team D,Team F,4.0,0.0
896,2025-05-04,Team A,Team A,5.0,1.0
897,2025-05-05,Team A,Team D,,4.0
898,2025-05-06,Team C,Team B,,
899,2025-05-07,Team D,Team F,,4.0
900,2025-05-08,Team E,Team F,,5.0
901,2025-05-09,Team C,Team F,3.0,5.0
902,2025-05-10,Team B,Team D,2.0,5.0
903,2025-05-11,Team A,Team E,4.0,0.0
904,2025-05-12,Team E,Team E,4.0,3.0
905,2025-05-13,Team B,Team E,4.0,
906,2025-05-14,Team C,Team C,5.0,0.0
907,2025-05-15,Team E,Team C,3.0,0.0
908,2025-05-16,Team F,Team A,,3.0
909,2025-05-17,Team D,Team A,3.0,5.0
910,2025-05-18,Team E,Team B,4.0,2.0
911,2025-05-19,Team D,Team B,5.0,1.0
912,2025-05-20,Team E,Team D,1.0,
913,2025-05-21,Team B,Team D,3.0,0.0
914,2025-05-22,Team F,Team F,,0.0
915,2025-05-23,Team D,Team C,2.0,1.0
916,2025-05-24,Team D,Team F,1.0,
917,2025-05-25,Team D,Team A,4.0,
918,2025-05-26,Team F,Team D,4.0,1.0
919,2025-05-27,Team B,Team C,4.0,2.0
920,2025-05-28,Team D,Team D,3.0,
921,2025-05-29,Team C,Team B,0.0,3.0
922,2025-05-30,Team C,Team A,1.0,5.0
923,2025-05-31,Team D,Team F,3.0,5.0
924,2025-06-01,Team C,Team F,4.0,0.0
925,2025-06-02,Team D,Team C,3.0,4.0
926,2025-06-03,Team B,Team C,1.0,2.0
927,2025-06-04,Team F,Team D,3.0,1.0
928,2025-06-05,Team B,Team A,,5.0
929,2025-06-06,Team A,Team F,3.0,2.0
930,2025-06-07,Team F,Team C,1.0,3.0
931,2025-06-08,Team E,Team A,3.0,0.0
932,2025-06-09,Team C,Team D,3.0,3.0
933,2025-06-10,Team D,Team C,1.0,
934,2025-06-11,Team B,Team B,4.0,
935,2025-06-12,Team C,Team D,,1.0
936,2025-06-13,Team C,Team D,4.0,4.0
937,2025-06-14,Team D,Team F,2.0,4.0
938,2025-06-15,Team B,Team F,4.0,1.0
939,2025-06-16,Team E,Team D,0.0,5.0
940,2025-06-17,Team B,Team D,1.0,3.0
941,2025-06-18,Team B,Team D,2.0,
942,2025-06-19,Team D,Team E,,4.0
943,2025-06-20,Team F,Team A,5.0,1.0
944,2025-06-21,Team A,Team A,2.0,4.0
945,2025-06-22,Team F,Team E,4.0,0.0
946,2025-06-23,Team A,Team F,4.0,5.0
947,2025-06-24,Team C,Team B,4.0,5.0
948,2025-06-25,Team F,Team A,4.0,2.0
949,2025-06-26,Team F,Team F,5.0,4.0
950,2025-06-27,Team E,Team D,0.0,2.0
951,2025-06-28,Team C,Team A,5.0,0.0
952,2025-06-29,Team B,Team C,1.0,3.0
953,2025-06-30,Team F,Team D,1.0,3.0
954,2025-07-01,Team E,Team B,1.0,2.0
955,2025-07-02,Team A,Team C,0.0,4.0
956,2025-07-03,Team C,Team E,2.0,2.0
957,2025-07-04,Team D,Team A,0.0,2.0
958,2025-07-05,Team F,Team E,0.0,4.0
959,2025-07-06,Team A,Team D,4.0,
960,2025-07-07,Team F,Team B,2.0,0.0
961,2025-07-08,Team A,Team A,,3.0
962,2025-07-09,Team C,Team B,1.0,
963,2025-07-10,Team F,Team E,4.0,
964,2025-07-11,Team A,Team B,2.0,2.0
965,2025-07-12,Team A,Team E,3.0,
966,2025-07-13,Team C,Team D,4.0,1.0
967,2025-07-14,Team E,Team E,0.0,1.0
968,2025-07-15,Team A,Team F,,0.0
969,2025-07-16,Team E,Team B,2.0,4.0
970,2025-07-17,Team D,Team F,,1.0
971,2025-07-18,Team B,Team D,2.0,4.0
972,2025-07-19,Team A,Team C,5.0,3.0
973,2025-07-20,Team A,Team E,1.0,
974,2025-07-21,Team E,Team C,0.0,3.0
975,2025-07-22,Team B,Team B,1.0,2.0
976,2025-07-23,Team D,Team A,3.0,
977,2025-07-24,Team A,Team B,0.0,1.0
978,2025-07-25,Team E,Team A,0.0,0.0
979,2025-07-26,Team C,Team A,5.0,4.0
980,2025-07-27,Team D,Team F,1.0,4.0
981,2025-07-28,Team C,Team B,5.0,2.0
982,2025-07-29,Team A,Team B,5.0,1.0
983,2025-07-30,Team C,Team E,5.0,0.0
984,2025-07-31,Team E,Team B,3.0,
985,2025-08-01,Team B,Team C,0.0,1.0
986,2025-08-02,Team F,Team A,5.0,2.0
987,2025-08-03,Team A,Team E,4.0,2.0
988,2025-08-04,Team B,Team F,5.0,0.0
989,2025-08-05,Team B,Team C,2.0,
990,2025-08-06,Team B,Team A,1.0,0.0
991,2025-08-07,Team C,Team E,1.0,2.0
992,2025-08-08,Team E,Team B,4.0,5.0
993,2025-08-09,Team B,Team E,,0.0
994,2025-08-10,Team C,Team D,1.0,1.0
995,2025-08-11,Team C,Team E,,
996,2025-08-12,Team B,Team C,,0.0
997,2025-08-13,Team C,Team C,2.0,5.0
998,2025-08-14,Team C,Team A,2.0,1.0
999,2025-08-15,Team C,Team E,3.0,1.0
1000,2025-08-16,Team D,Team A,,3.0
1001,2025-08-17,Team E,Team F,0.0,4.0
1002,2025-08-18,Team E,Team B,2.0,2.0
1003,2025-08-19,Team C,Team C,1.0,0.0
1004,2025-08-20,Team E,Team B,4.0,5.0
1005,2025-08-21,Team C,Team C,2.0,1.0
1006,2025-08-22,Team A,Team B,3.0,2.0
1007,2025-08-23,Team E,Team A,4.0,2.0
1008,2025-08-24,Team C,Team A,4.0,2.0
1009,2025-08-25,Team A,Team C,0.0,
1010,2025-08-26,Team E,Team C,,
1011,2025-08-27,Team B,Team A,3.0,4.0
1012,2025-08-28,Team B,Team F,4.0,3.0
1013,2025-08-29,Team B,Team F,4.0,5.0
1014,2025-08-30,Team D,Team E,1.0,0.0
1015,2025-08-31,Team D,Team E,0.0,1.0
1016,2025-09-01,Team B,Team E,3.0,
1017,2025-09-02,Team F,Team F,1.0,1.0
1018,2025-09-03,Team B,Team C,1.0,4.0
1019,2025-09-04,Team D,Team C,5.0,5.0
1020,2025-09-05,Team D,Team B,,1.0
1021,2025-09-06,Team B,Team A,3.0,
1022,2025-09-07,Team B,Team E,4.0,4.0
1023,2025-09-08,Team B,Team B,3.0,3.0
1024,2025-09-09,Team E,Team A,1.0,
1025,2025-09-10,Team D,Team B,3.0,4.0
1026,2025-09-11,Team C,Team D,2.0,3.0
1027,2025-09-12,Team F,Team E,3.0,0.0
1028,2025-09-13,Team E,Team C,2.0,2.0
1029,2025-09-14,Team C,Team E,5.0,2.0
1030,2025-09-15,Team B,Team B,4.0,2.0
1031,2025-09-16,Team F,Team C,1.0,1.0
1032,2025-09-17,Team E,Team B,5.0,2.0
1033,2025-09-18,Team B,Team B,5.0,5.0
1034,2025-09-19,Team F,Team F,0.0,
1035,2025-09-20,Team F,Team D,2.0,0.0
1036,2025-09-21,Team D,Team C,1.0,3.0
1037,2025-09-22,Team A,Team B,0.0,2.0
1038,2025-09-23,Team B,Team F,3.0,0.0
1039,2025-09-24,Team B,Team C,1.0,
1040,2025-09-25,Team F,Team F,5.0,3.0
1041,2025-09-26,Team F,Team E,0.0,4.0
1042,2025-09-27,Team F,Team F,3.0,
1043,2025-09-28,Team B,Team F,3.0,
1044,2025-09-29,Team D,Team D,3.0,5.0
1045,2025-09-30,Team D,Team B,4.0,
1046,2025-10-01,Team E,Team E,1.0,0.0
1047,2025-10-02,Team C,Team A,1.0,1.0
1048,2025-10-03,Team D,Team C,0.0,3.0
1049,2025-10-04,Team A,Team D,4.0,
1050,2025-10-05,Team A,Team D,3.0,1.0
1051,2025-10-06,Team F,Team D,2.0,5.0
1052,2025-10-07,Team C,Team E,0.0,1.0
1053,2025-10-08,Team F,Team F,,4.0
1054,2025-10-09,Team B,Team A,1.0,4.0
1055,2025-10-10,Team D,Team D,1.0,4.0
1056,2025-10-11,Team D,Team D,3.0,
1057,2025-10-12,Team B,Team E,4.0,0.0
1058,2025-10-13,Team A,Team F,5.0,
1059,2025-10-14,Team D,Team E,2.0,2.0
1060,2025-10-15,Team A,Team B,2.0,2.0
1061,2025-10-16,Team E,Team E,5.0,0.0
1062,2025-10-17,Team D,Team C,,0.0
1063,2025-10-18,Team F,Team F,3.0,3.0
1064,2025-10-19,Team C,Team C,0.0,2.0
1065,2025-10-20,Team E,Team B,3.0,4.0
1066,2025-10-21,Team C,Team D,3.0,1.0
1067,2025-10-22,Team F,Team B,4.0,0.0
1068,2025-10-23,Team D,Team B,,1.0
1069,2025-10-24,Team B,Team A,4.0,0.0
1070,2025-10-25,Team C,Team F,,4.0
1071,2025-10-26,Team F,Team E,0.0,0.0
1072,2025-10-27,Team A,Team F,3.0,1.0
1073,2025-10-28,Team D,Team D,2.0,2.0
1074,2025-10-29,Team C,Team A,0.0,2.0
1075,2025-10-30,Team B,Team D,1.0,4.0
1076,2025-10-31,Team A,Team C,2.0,0.0
1077,2025-11-01,Team E,Team E,2.0,1.0
1078,2025-11-02,Team D,Team F,0.0,1.0
1079,2025-11-03,Team B,Team C,,5.0
1080,2025-11-04,Team A,Team A,1.0,2.0
1081,2025-11-05,Team D,Team F,1.0,3.0
1082,2025-11-06,Team B,Team E,3.0,2.0
1083,2025-11-07,Team B,Team D,4.0,4.0
1084,2025-11-08,Team D,Team A,2.0,2.0
1085,2025-11-09,Team B,Team E,,5.0
1086,2025-11-10,Team F,Team D,5.0,
1087,2025-11-11,Team B,Team F,,5.0
1088,2025-11-12,Team F,Team F,1.0,3.0
1089,2025-11-13,Team C,Team E,5.0,4.0
1090,2025-11-14,Team B,Team D,0.0,
1091,2025-11-15,Team F,Team D,3.0,5.0
1092,2025-11-16,Team E,Team E,0.0,3.0
1093,2025-11-17,Team B,Team E,0.0,
1094,2025-11-18,Team F,Team E,5.0,4.0
1095,2025-11-19,Team D,Team F,1.0,5.0
1096,2025-11-20,Team A,Team F,4.0,3.0
1097,2025-11-21,Team F,Team F,1.0,0.0
1098,2025-11-22,Team E,Team A,1.0,5.0
1099,2025-11-23,Team E,Team E,3.0,5.0
1100,2025-11-24,Team F,Team B,2.0,5.0
1101,2025-11-25,Team E,Team A,4.0,2.0
1102,2025-11-26,Team C,Team B,4.0,2.0
1103,2025-11-27,Team E,Team B,5.0,5.0
1104,2025-11-28,Team C,Team F,4.0,2.0
1105,2025-11-29,Team E,Team C,5.0,1.0
1106,2025-11-30,Team D,Team B,4.0,0.0
1107,2025-12-01,Team C,Team A,4.0,0.0
1108,2025-12-02,Team F,Team E,4.0,3.0
1109,2025-12-03,Team E,Team B,,0.0
1110,2025-12-04,Team A,Team D,5.0,
1111,2025-12-05,Team D,Team D,2.0,5.0
1112,2025-12-06,Team A,Team A,0.0,5.0
1113,2025-12-07,Team A,Team A,0.0,0.0
1114,2025-12-08,Team A,Team B,,2.0
1115,2025-12-09,Team B,Team F,0.0,3.0
1116,2025-12-10,Team E,Team A,5.0,2.0
1117,2025-12-11,Team E,Team A,5.0,0.0
1118,2025-12-12,Team A,Team C,0.0,
1119,2025-12-13,Team F,Team B,4.0,0.0
1120,2025-12-14,Team A,Team D,4.0,
1121,2025-12-15,Team F,Team E,2.0,0.0
1122,2025-12-16,Team D,Team B,3.0,4.0
1123,2025-12-17,Team B,Team A,,5.0
1124,2025-12-18,Team D,Team D,5.0,0.0
1125,2025-12-19,Team C,Team A,0.0,
1126,2025-12-20,Team A,Team F,,4.0
1127,2025-12-21,Team A,Team B,0.0,2.0
1128,2025-12-22,Team D,Team F,1.0,5.0
1129,2025-12-23,Team E,Team B,1.0,5.0
1130,2025-12-24,Team F,Team D,1.0,0.0
1131,2025-12-25,Team F,Team D,0.0,5.0
1132,2025-12-26,Team A,Team F,5.0,
1133,2025-12-27,Team F,Team F,1.0,
1134,2025-12-28,Team D,Team F,4.0,5.0
1135,2025-12-29,Team A,Team D,5.0,0.0
1136,2025-12-30,Team F,Team F,5.0,
1137,2025-12-31,Team C,Team E,1.0,3.0
1138,2026-01-01,Team A,Team C,0.0,
1139,2026-01-02,Team C,Team D,0.0,5.0
1140,2026-01-03,Team B,Team D,3.0,3.0
1141,2026-01-04,Team A,Team E,0.0,2.0
1142,2026-01-05,Team A,Team D,4.0,2.0
1143,2026-01-06,Team C,Team C,4.0,0.0
1144,2026-01-07,Team E,Team B,4.0,0.0
1145,2026-01-08,Team C,Team F,0.0,1.0
1146,2026-01-09,Team C,Team E,5.0,0.0
1147,2026-01-10,Team A,Team B,,3.0
1148,2026-01-11,Team E,Team E,5.0,4.0
1149,2026-01-12,Team D,Team E,0.0,
1150,2026-01-13,Team C,Team D,5.0,3.0
1151,2026-01-14,Team F,Team B,,4.0
1152,2026-01-15,Team E,Team C,3.0,4.0
1153,2026-01-16,Team B,Team A,4.0,4.0
1154,2026-01-17,Team C,Team A,,5.0
1155,2026-01-18,Team F,Team A,1.0,
1156,2026-01-19,Team E,Team F,5.0,0.0
1157,2026-01-20,Team D,Team A,2.0,5.0
1158,2026-01-21,Team C,Team F,5.0,
1159,2026-01-22,Team F,Team D,1.0,1.0
1160,2026-01-23,Team F,Team B,4.0,2.0
1161,2026-01-24,Team F,Team E,5.0,0.0
1162,2026-01-25,Team A,Team D,0.0,4.0
1163,2026-01-26,Team E,Team C,1.0,3.0
1164,2026-01-27,Team C,Team E,4.0,4.0
1165,2026-01-28,Team B,Team F,0.0,1.0
1166,2026-01-29,Team F,Team E,0.0,4.0
1167,2026-01-30,Team B,Team F,3.0,4.0
1168,2026-01-31,Team B,Team D,,2.0
1169,2026-02-01,Team A,Team C,4.0,2.0
1170,2026-02-02,Team A,Team F,,4.0
1171,2026-02-03,Team A,Team A,5.0,3.0
1172,2026-02-04,Team C,Team A,1.0,4.0
1173,2026-02-05,Team E,Team B,5.0,3.0
1174,2026-02-06,Team C,Team B,3.0,1.0
1175,2026-02-07,Team C,Team D,5.0,2.0
1176,2026-02-08,Team D,Team F,4.0,0.0
1177,2026-02-09,Team B,Team E,,3.0
1178,2026-02-10,Team D,Team E,4.0,4.0
1179,2026-02-11,Team C,Team E,2.0,4.0
1180,2026-02-12,Team D,Team E,,5.0
1181,2026-02-13,Team B,Team D,0.0,3.0
1182,2026-02-14,Team D,Team C,,5.0
1183,2026-02-15,Team A,Team C,3.0,5.0
1184,2026-02-16,Team F,Team E,5.0,0.0
1185,2026-02-17,Team F,Team A,4.0,1.0
1186,2026-02-18,Team F,Team C,,0.0
1187,2026-02-19,Team C,Team A,1.0,
1188,2026-02-20,Team D,Team E,0.0,
1189,2026-02-21,Team E,Team A,3.0,0.0
1190,2026-02-22,Team F,Team E,,5.0
1191,2026-02-23,Team A,Team A,1.0,3.0
1192,2026-02-24,Team C,Team A,5.0,0.0
1193,2026-02-25,Team A,Team A,1.0,0.0
1194,2026-02-26,Team C,Team B,1.0,0.0
1195,2026-02-27,Team A,Team C,4.0,0.0
1196,2026-02-28,Team D,Team C,0.0,0.0
1197,2026-03-01,Team D,Team A,1.0,
1198,2026-03-02,Team B,Team C,3.0,5.0
1199,2026-03-03,Team A,Team A,0.0,3.0
1200,2026-03-04,Team F,Team D,5.0,5.0
1201,2026-03-05,Team C,Team E,,3.0
1202,2026-03-06,Team F,Team E,4.0,1.0
1203,2026-03-07,Team F,Team D,5.0,3.0
1204,2026-03-08,Team D,Team D,4.0,
1205,2026-03-09,Team C,Team E,3.0,3.0
1206,2026-03-10,Team B,Team B,4.0,5.0
1207,2026-03-11,Team B,Team E,4.0,4.0
1208,2026-03-12,Team A,Team D,1.0,5.0
1209,2026-03-13,Team B,Team A,4.0,4.0
1210,2026-03-14,Team A,Team F,1.0,5.0
1211,2026-03-15,Team E,Team E,0.0,
1212,2026-03-16,Team C,Team F,0.0,4.0
1213,2026-03-17,Team A,Team E,3.0,0.0
1214,2026-03-18,Team B,Team B,1.0,
1215,2026-03-19,Team E,Team E,5.0,3.0
1216,2026-03-20,Team D,Team E,0.0,0.0
1217,2026-03-21,Team D,Team A,5.0,4.0
1218,2026-03-22,Team A,Team D,4.0,2.0
1219,2026-03-23,Team F,Team A,,1.0
1220,2026-03-24,Team B,Team F,0.0,0.0
1221,2026-03-25,Team A,Team F,1.0,4.0
1222,2026-03-26,Team E,Team A,0.0,
1223,2026-03-27,Team E,Team A,1.0,5.0
1224,2026-03-28,Team D,Team F,0.0,1.0
1225,2026-03-29,Team F,Team C,0.0,1.0
1226,2026-03-30,Team B,Team C,3.0,4.0
1227,2026-03-31,Team C,Team B,5.0,0.0
1228,2026-04-01,Team A,Team F,1.0,5.0
1229,2026-04-02,Team B,Team C,1.0,
1230,2026-04-03,Team B,Team D,5.0,
1231,2026-04-04,Team F,Team A,2.0,5.0
1232,2026-04-05,Team D,Team B,,1.0
1233,2026-04-06,Team F,Team E,1.0,4.0
1234,2026-04-07,Team F,Team E,2.0,3.0
1235,2026-04-08,Team E,Team E,,4.0
1236,2026-04-09,Team E,Team E,2.0,1.0
1237,2026-04-10,Team C,Team B,4.0,5.0
1238,2026-04-11,Team E,Team D,0.0,4.0
1239,2026-04-12,Team D,Team B,4.0,5.0
1240,2026-04-13,Team C,Team A,2.0,
1241,2026-04-14,Team A,Team C,2.0,0.0
1242,2026-04-15,Team F,Team E,,4.0
1243,2026-04-16,Team C,Team B,5.0,5.0
1244,2026-04-17,Team A,Team C,5.0,2.0
1245,2026-04-18,Team E,Team B,3.0,5.0
1246,2026-04-19,Team B,Team C,0.0,2.0
1247,2026-04-20,Team A,Team A,2.0,3.0
1248,2026-04-21,Team E,Team E,3.0,1.0
1249,2026-04-22,Team C,Team D,5.0,4.0
1250,2026-04-23,Team E,Team B,,5.0
1251,2026-04-24,Team C,Team A,5.0,
1252,2026-04-25,Team B,Team E,4.0,4.0
1253,2026-04-26,Team D,Team A,3.0,3.0
1254,2026-04-27,Team F,Team D,1.0,4.0
1255,2026-04-28,Team A,Team C,5.0,4.0
1256,2026-04-29,Team A,Team B,,1.0
1257,2026-04-30,Team A,Team B,2.0,4.0
1258,2026-05-01,Team B,Team C,4.0,2.0
1259,2026-05-02,Team E,Team C,1.0,
1260,2026-05-03,Team A,Team E,4.0,4.0
1261,2026-05-04,Team B,Team D,,1.0
1262,2026-05-05,Team E,Team B,2.0,0.0
1263,2026-05-06,Team E,Team D,0.0,0.0
1264,2026-05-07,Team F,Team A,3.0,4.0
1265,2026-05-08,Team B,Team B,5.0,5.0
1266,2026-05-09,Team F,Team A,5.0,2.0
1267,2026-05-10,Team B,Team D,2.0,5.0
1268,2026-05-11,Team C,Team B,,5.0
1269,2026-05-12,Team E,Team B,3.0,4.0
1270,2026-05-13,Team B,Team B,5.0,5.0
1271,2026-05-14,Team A,Team B,3.0,5.0
1272,2026-05-15,Team B,Team F,5.0,4.0
1273,2026-05-16,Team F,Team F,0.0,3.0
1274,2026-05-17,Team B,Team D,2.0,
1275,2026-05-18,Team A,Team C,5.0,0.0
1276,2026-05-19,Team B,Team E,4.0,2.0
1277,2026-05-20,Team F,Team E,2.0,3.0
1278,2026-05-21,Team E,Team C,,3.0
1279,2026-05-22,Team D,Team C,4.0,2.0
1280,2026-05-23,Team E,Team F,0.0,1.0
1281,2026-05-24,Team E,Team B,1.0,4.0
1282,2026-05-25,Team F,Team F,4.0,0.0
1283,2026-05-26,Team F,Team B,,
1284,2026-05-27,Team B,Team B,4.0,0.0
1285,2026-05-28,Team F,Team C,5.0,
1286,2026-05-29,Team E,Team A,3.0,3.0
1287,2026-05-30,Team F,Team D,1.0,4.0
1288,2026-05-31,Team A,Team B,0.0,4.0
1289,2026-06-01,Team D,Team E,3.0,0.0
1290,2026-06-02,Team C,Team C,5.0,3.0
1291,2026-06-03,Team F,Team C,1.0,2.0
1292,2026-06-04,Team F,Team E,2.0,0.0
1293,2026-06-05,Team E,Team C,3.0,4.0
1294,2026-06-06,Team D,Team F,5.0,5.0
1295,2026-06-07,Team F,Team E,0.0,3.0
1296,2026-06-08,Team B,Team D,2.0,4.0
1297,2026-06-09,Team A,Team F,5.0,4.0
1298,2026-06-10,Team C,Team C,3.0,1.0
1299,2026-06-11,Team C,Team B,2.0,
1300,2026-06-12,Team B,Team B,4.0,2.0
1301,2026-06-13,Team E,Team C,0.0,4.0
1302,2026-06-14,Team F,Team F,,5.0
1303,2026-06-15,Team B,Team B,,0.0
1304,2026-06-16,Team A,Team D,3.0,0.0
1305,2026-06-17,Team C,Team E,3.0,4.0
1306,2026-06-18,Team F,Team F,0.0,5.0
1307,2026-06-19,Team E,Team C,0.0,5.0
1308,2026-06-20,Team B,Team D,5.0,0.0
1309,2026-06-21,Team C,Team B,4.0,5.0
1310,2026-06-22,Team E,Team C,1.0,3.0
1311,2026-06-23,Team C,Team C,2.0,0.0
1312,2026-06-24,Team E,Team D,4.0,0.0
1313,2026-06-25,Team D,Team E,3.0,0.0
1314,2026-06-26,Team F,Team A,,1.0
1315,2026-06-27,Team D,Team B,5.0,0.0
1316,2026-06-28,Team B,Team D,4.0,
1317,2026-06-29,Team D,Team C,0.0,0.0
1318,2026-06-30,Team D,Team E,,4.0
1319,2026-07-01,Team C,Team F,,5.0
1320,2026-07-02,Team D,Team C,0.0,2.0
1321,2026-07-03,Team A,Team B,4.0,0.0
1322,2026-07-04,Team F,Team E,1.0,0.0
1323,2026-07-05,Team E,Team A,1.0,2.0
1324,2026-07-06,Team C,Team A,1.0,1.0
1325,2026-07-07,Team D,Team C,3.0,
1326,2026-07-08,Team A,Team F,,4.0
1327,2026-07-09,Team E,Team C,5.0,2.0
1328,2026-07-10,Team B,Team E,2.0,1.0
1329,2026-07-11,Team A,Team F,5.0,3.0
1330,2026-07-12,Team B,Team E,4.0,3.0
1331,2026-07-13,Team E,Team E,4.0,4.0
1332,2026-07-14,Team E,Team E,4.0,4.0
1333,2026-07-15,Team D,Team F,,4.0
1334,2026-07-16,Team C,Team B,1.0,1.0
1335,2026-07-17,Team E,Team C,,1.0
1336,2026-07-18,Team F,Team E,0.0,3.0
1337,2026-07-19,Team E,Team A,4.0,
1338,2026-07-20,Team B,Team E,1.0,5.0
1339,2026-07-21,Team C,Team F,3.0,3.0
1340,2026-07-22,Team C,Team D,5.0,4.0
1341,2026-07-23,Team F,Team B,5.0,3.0
1342,2026-07-24,Team B,Team B,1.0,5.0
1343,2026-07-25,Team E,Team E,2.0,4.0
1344,2026-07-26,Team D,Team B,0.0,3.0
1345,2026-07-27,Team A,Team B,2.0,0.0
1346,2026-07-28,Team D,Team C,0.0,1.0
1347,2026-07-29,Team D,Team F,2.0,1.0
1348,2026-07-30,Team E,Team D,5.0,
1349,2026-07-31,Team E,Team C,5.0,4.0
1350,2026-08-01,Team E,Team B,0.0,0.0
1351,2026-08-02,Team C,Team B,5.0,3.0
1352,2026-08-03,Team D,Team B,2.0,5.0
1353,2026-08-04,Team E,Team F,1.0,2.0
1354,2026-08-05,Team C,Team A,4.0,
1355,2026-08-06,Team C,Team E,,4.0
1356,2026-08-07,Team A,Team E,,
1357,2026-08-08,Team F,Team B,4.0,3.0
1358,2026-08-09,Team A,Team D,1.0,3.0
1359,2026-08-10,Team C,Team E,4.0,2.0
1360,2026-08-11,Team D,Team F,2.0,
1361,2026-08-12,Team C,Team D,1.0,5.0
1362,2026-08-13,Team E,Team B,1.0,5.0
1363,2026-08-14,Team B,Team C,2.0,1.0
1364,2026-08-15,Team F,Team E,4.0,5.0
1365,2026-08-16,Team E,Team C,0.0,5.0
1366,2026-08-17,Team A,Team C,0.0,
1367,2026-08-18,Team A,Team E,,4.0
1368,2026-08-19,Team C,Team A,0.0,3.0
1369,2026-08-20,Team A,Team F,3.0,0.0
1370,2026-08-21,Team A,Team E,3.0,3.0
1371,2026-08-22,Team E,Team E,,5.0
1372,2026-08-23,Team C,Team F,5.0,1.0
1373,2026-08-24,Team E,Team F,,3.0
1374,2026-08-25,Team E,Team F,5.0,2.0
1375,2026-08-26,Team A,Team C,4.0,0.0
1376,2026-08-27,Team E,Team E,,
1377,2026-08-28,Team C,Team F,3.0,1.0
1378,2026-08-29,Team F,Team C,,2.0
1379,2026-08-30,Team F,Team E,5.0,4.0
1380,2026-08-31,Team A,Team F,5.0,1.0
1381,2026-09-01,Team E,Team E,0.0,2.0
1382,2026-09-02,Team B,Team C,1.0,3.0
1383,2026-09-03,Team A,Team E,1.0,2.0
1384,2026-09-04,Team E,Team B,1.0,2.0
1385,2026-09-05,Team D,Team E,4.0,2.0
1386,2026-09-06,Team D,Team B,2.0,2.0
1387,2026-09-07,Team D,Team C,0.0,0.0
1388,2026-09-08,Team A,Team F,,2.0
1389,2026-09-09,Team B,Team E,5.0,5.0
1390,2026-09-10,Team F,Team A,4.0,4.0
1391,2026-09-11,Team F,Team B,4.0,4.0
1392,2026-09-12,Team D,Team B,0.0,0.0
1393,2026-09-13,Team E,Team A,0.0,4.0
1394,2026-09-14,Team A,Team E,1.0,5.0
1395,2026-09-15,Team A,Team B,5.0,1.0
1396,2026-09-16,Team D,Team B,2.0,1.0
1397,2026-09-17,Team A,Team C,,3.0
1398,2026-09-18,Team C,Team B,4.0,4.0
1399,2026-09-19,Team F,Team D,4.0,2.0
1400,2026-09-20,Team C,Team C,3.0,0.0
1401,2026-09-21,Team A,Team F,2.0,
1402,2026-09-22,Team C,Team E,,3.0
1403,2026-09-23,Team A,Team F,1.0,5.0
1404,2026-09-24,Team B,Team D,4.0,2.0
1405,2026-09-25,Team B,Team F,3.0,0.0
1406,2026-09-26,Team A,Team B,5.0,2.0
1407,2026-09-27,Team E,Team E,,
1408,2026-09-28,Team C,Team F,1.0,1.0
1409,2026-09-29,Team A,Team D,,0.0
1410,2026-09-30,Team D,Team D,3.0,4.0
1411,2026-10-01,Team E,Team E,,5.0
1412,2026-10-02,Team D,Team E,1.0,1.0
1413,2026-10-03,Team B,Team D,3.0,1.0
1414,2026-10-04,Team D,Team B,,2.0
1415,2026-10-05,Team A,Team A,0.0,0.0
1416,2026-10-06,Team E,Team B,3.0,5.0
1417,2026-10-07,Team F,Team F,3.0,4.0
1418,2026-10-08,Team B,Team A,4.0,0.0
1419,2026-10-09,Team A,Team E,2.0,1.0
1420,2026-10-10,Team D,Team B,0.0,0.0
1421,2026-10-11,Team A,Team F,5.0,2.0
1422,2026-10-12,Team B,Team D,3.0,5.0
1423,2026-10-13,Team E,Team B,2.0,5.0
1424,2026-10-14,Team A,Team B,2.0,0.0
1425,2026-10-15,Team B,Team A,0.0,
1426,2026-10-16,Team B,Team C,1.0,1.0
1427,2026-10-17,Team A,Team B,2.0,3.0
1428,2026-10-18,Team D,Team D,4.0,2.0
1429,2026-10-19,Team D,Team D,2.0,1.0
1430,2026-10-20,Team E,Team A,,1.0
1431,2026-10-21,Team C,Team E,4.0,3.0
1432,2026-10-22,Team A,Team F,5.0,4.0
1433,2026-10-23,Team A,Team A,2.0,1.0
1434,2026-10-24,Team B,Team F,4.0,2.0
1435,2026-10-25,Team E,Team A,0.0,
1436,2026-10-26,Team F,Team E,5.0,3.0
1437,2026-10-27,Team E,Team B,3.0,
1438,2026-10-28,Team E,Team B,1.0,
1439,2026-10-29,Team C,Team E,4.0,5.0
1440,2026-10-30,Team E,Team C,5.0,3.0
1441,2026-10-31,Team F,Team A,,
1442,2026-11-01,Team F,Team F,3.0,
1443,2026-11-02,Team D,Team A,0.0,2.0
1444,2026-11-03,Team B,Team C,5.0,2.0
1445,2026-11-04,Team B,Team D,,3.0
1446,2026-11-05,Team D,Team E,,5.0
1447,2026-11-06,Team E,Team F,2.0,4.0
1448,2026-11-07,Team D,Team A,,5.0
1449,2026-11-08,Team F,Team C,,4.0
1450,2026-11-09,Team C,Team F,1.0,4.0
1451,2026-11-10,Team D,Team A,,4.0
1452,2026-11-11,Team C,Team E,2.0,
1453,2026-11-12,Team F,Team C,,3.0
1454,2026-11-13,Team B,Team F,2.0,3.0
1455,2026-11-14,Team D,Team A,5.0,3.0
1456,2026-11-15,Team C,Team F,4.0,2.0
1457,2026-11-16,Team B,Team A,0.0,4.0
1458,2026-11-17,Team B,Team F,4.0,2.0
1459,2026-11-18,Team A,Team D,1.0,2.0
1460,2026-11-19,Team E,Team F,4.0,3.0
1461,2026-11-20,Team A,Team B,3.0,1.0
1462,2026-11-21,Team B,Team A,0.0,2.0
1463,2026-11-22,Team F,Team B,,4.0
1464,2026-11-23,Team B,Team C,1.0,5.0
1465,2026-11-24,Team C,Team B,2.0,4.0
1466,2026-11-25,Team B,Team C,1.0,1.0
1467,2026-11-26,Team E,Team E,2.0,1.0
1468,2026-11-27,Team B,Team F,0.0,4.0
1469,2026-11-28,Team F,Team C,,2.0
1470,2026-11-29,Team E,Team E,5.0,0.0
1471,2026-11-30,Team A,Team D,,3.0
1472,2026-12-01,Team D,Team D,4.0,0.0
1473,2026-12-02,Team F,Team F,1.0,2.0
1474,2026-12-03,Team A,Team C,5.0,2.0
1475,2026-12-04,Team C,Team A,2.0,4.0
1476,2026-12-05,Team C,Team F,2.0,1.0
1477,2026-12-06,Team C,Team B,3.0,
1478,2026-12-07,Team E,Team D,4.0,1.0
1479,2026-12-08,Team D,Team B,4.0,5.0
1480,2026-12-09,Team F,Team C,4.0,4.0
1481,2026-12-10,Team B,Team F,5.0,2.0
1482,2026-12-11,Team E,Team C,0.0,5.0
1483,2026-12-12,Team E,Team F,2.0,3.0
1484,2026-12-13,Team B,Team C,3.0,4.0
1485,2026-12-14,Team C,Team B,,
1486,2026-12-15,Team E,Team D,4.0,5.0
1487,2026-12-16,Team E,Team E,3.0,0.0
1488,2026-12-17,Team A,Team A,0.0,
1489,2026-12-18,Team D,Team D,1.0,0.0
1490,2026-12-19,Team E,Team C,0.0,0.0
1491,2026-12-20,Team F,Team F,3.0,1.0
1492,2026-12-21,Team E,Team A,0.0,0.0
1493,2026-12-22,Team A,Team C,2.0,
1494,2026-12-23,Team B,Team D,2.0,0.0
1495,2026-12-24,Team F,Team F,5.0,4.0
1496,2026-12-25,Team C,Team E,5.0,4.0
1497,2026-12-26,Team F,Team D,4.0,3.0
1498,2026-12-27,Team B,Team D,5.0,1.0
1499,2026-12-28,Team C,Team F,3.0,5.0
1500,2026-12-29,Team D,Team B,2.0,1.0
1501,2026-12-30,Team B,Team A,1.0,4.0
1502,2026-12-31,Team C,Team C,3.0,3.0
1503,2027-01-01,Team E,Team E,1.0,0.0
1504,2027-01-02,Team B,Team D,4.0,3.0
1505,2027-01-03,Team F,Team F,3.0,2.0
1506,2027-01-04,Team D,Team C,5.0,2.0
1507,2027-01-05,Team A,Team E,1.0,1.0
1508,2027-01-06,Team C,Team F,1.0,0.0
1509,2027-01-07,Team D,Team C,2.0,2.0
1510,2027-01-08,Team D,Team F,5.0,1.0
1511,2027-01-09,Team F,Team F,,2.0
1512,2027-01-10,Team F,Team C,,
1513,2027-01-11,Team F,Team E,0.0,5.0
1514,2027-01-12,Team F,Team A,,1.0
1515,2027-01-13,Team A,Team D,,
1516,2027-01-14,Team E,Team C,1.0,
1517,2027-01-15,Team C,Team C,0.0,3.0
1518,2027-01-16,Team A,Team B,5.0,1.0
1519,2027-01-17,Team F,Team B,,3.0
1520,2027-01-18,Team F,Team E,5.0,0.0
1521,2027-01-19,Team F,Team B,2.0,0.0
1522,2027-01-20,Team D,Team D,,1.0
1523,2027-01-21,Team E,Team C,2.0,2.0
1524,2027-01-22,Team A,Team A,2.0,1.0
1525,2027-01-23,Team E,Team D,0.0,0.0
1526,2027-01-24,Team F,Team F,5.0,3.0
1527,2027-01-25,Team D,Team B,4.0,1.0
1528,2027-01-26,Team D,Team D,,
1529,2027-01-27,Team A,Team A,1.0,0.0
1530,2027-01-28,Team F,Team F,0.0,
1531,2027-01-29,Team F,Team C,1.0,3.0
1532,2027-01-30,Team E,Team F,,0.0
1533,2027-01-31,Team F,Team A,4.0,3.0
1534,2027-02-01,Team A,Team F,4.0,5.0
1535,2027-02-02,Team A,Team B,2.0,3.0
1536,2027-02-03,Team C,Team B,2.0,3.0
1537,2027-02-04,Team E,Team F,,1.0
1538,2027-02-05,Team F,Team D,,
1539,2027-02-06,Team F,Team A,2.0,0.0
1540,2027-02-07,Team D,Team F,3.0,4.0
1541,2027-02-08,Team A,Team B,0.0,4.0
1542,2027-02-09,Team F,Team A,1.0,2.0
1543,2027-02-10,Team A,Team B,5.0,2.0
1544,2027-02-11,Team F,Team A,0.0,
1545,2027-02-12,Team E,Team E,,3.0
1546,2027-02-13,Team C,Team E,0.0,0.0
1547,2027-02-14,Team B,Team E,,1.0
1548,2027-02-15,Team E,Team A,1.0,0.0
1549,2027-02-16,Team C,Team A,3.0,1.0
1550,2027-02-17,Team A,Team E,,2.0
1551,2027-02-18,Team D,Team E,,4.0
1552,2027-02-19,Team C,Team B,3.0,5.0
1553,2027-02-20,Team C,Team B,3.0,1.0
1554,2027-02-21,Team F,Team B,,0.0
1555,2027-02-22,Team C,Team C,2.0,5.0
1556,2027-02-23,Team A,Team B,2.0,
1557,2027-02-24,Team A,Team C,2.0,3.0
1558,2027-02-25,Team E,Team A,,3.0
1559,2027-02-26,Team D,Team C,,1.0
1560,2027-02-27,Team B,Team A,,2.0
1561,2027-02-28,Team C,Team C,4.0,2.0
1562,2027-03-01,Team E,Team E,3.0,3.0
1563,2027-03-02,Team F,Team B,4.0,5.0
1564,2027-03-03,Team D,Team B,2.0,4.0
1565,2027-03-04,Team E,Team A,5.0,
1566,2027-03-05,Team B,Team B,5.0,3.0
1567,2027-03-06,Team F,Team F,2.0,3.0
1568,2027-03-07,Team D,Team B,,2.0
1569,2027-03-08,Team C,Team A,,0.0
1570,2027-03-09,Team F,Team B,4.0,0.0
1571,2027-03-10,Team D,Team B,3.0,5.0
1572,2027-03-11,Team C,Team D,5.0,0.0
1573,2027-03-12,Team C,Team C,4.0,0.0
1574,2027-03-13,Team A,Team E,0.0,2.0
1575,2027-03-14,Team C,Team C,5.0,4.0
1576,2027-03-15,Team E,Team A,,4.0
1577,2027-03-16,Team C,Team C,4.0,
1578,2027-03-17,Team B,Team C,2.0,
1579,2027-03-18,Team F,Team A,3.0,
1580,2027-03-19,Team A,Team C,5.0,4.0
1581,2027-03-20,Team A,Team D,2.0,0.0
1582,2027-03-21,Team F,Team A,,4.0
1583,2027-03-22,Team D,Team B,3.0,1.0
1584,2027-03-23,Team B,Team F,,5.0
1585,2027-03-24,Team C,Team B,4.0,3.0
1586,2027-03-25,Team E,Team B,2.0,5.0
1587,2027-03-26,Team F,Team C,0.0,0.0
1588,2027-03-27,Team E,Team A,,1.0
1589,2027-03-28,Team B,Team D,,0.0
1590,2027-03-29,Team C,Team A,1.0,3.0
1591,2027-03-30,Team B,Team B,,0.0
1592,2027-03-31,Team D,Team A,1.0,2.0
1593,2027-04-01,Team C,Team C,5.0,5.0
1594,2027-04-02,Team D,Team E,1.0,5.0
1595,2027-04-03,Team B,Team C,2.0,1.0
1596,2027-04-04,Team C,Team E,0.0,1.0
1597,2027-04-05,Team A,Team D,4.0,5.0
1598,2027-04-06,Team A,Team F,3.0,5.0
1599,2027-04-07,Team F,Team D,3.0,
1600,2027-04-08,Team B,Team E,,
1601,2027-04-09,Team F,Team B,5.0,2.0
1602,2027-04-10,Team C,Team B,2.0,5.0
1603,2027-04-11,Team E,Team A,0.0,3.0
1604,2027-04-12,Team C,Team C,1.0,1.0
1605,2027-04-13,Team B,Team D,,1.0
1606,2027-04-14,Team A,Team D,2.0,
1607,2027-04-15,Team C,Team F,,0.0
1608,2027-04-16,Team F,Team C,3.0,2.0
1609,2027-04-17,Team C,Team B,,
1610,2027-04-18,Team B,Team C,5.0,2.0
1611,2027-04-19,Team E,Team B,0.0,2.0
1612,2027-04-20,Team A,Team F,4.0,
1613,2027-04-21,Team E,Team D,2.0,2.0
1614,2027-04-22,Team C,Team F,4.0,3.0
1615,2027-04-23,Team F,Team A,2.0,3.0
1616,2027-04-24,Team E,Team A,4.0,2.0
1617,2027-04-25,Team B,Team D,2.0,1.0
1618,2027-04-26,Team E,Team C,0.0,4.0
1619,2027-04-27,Team F,Team E,1.0,0.0
1620,2027-04-28,Team D,Team D,0.0,4.0
1621,2027-04-29,Team D,Team B,2.0,
1622,2027-04-30,Team A,Team E,5.0,
1623,2027-05-01,Team A,Team B,5.0,1.0
1624,2027-05-02,Team D,Team E,,0.0
1625,2027-05-03,Team B,Team F,4.0,5.0
1626,2027-05-04,Team D,Team D,4.0,5.0
1627,2027-05-05,Team D,Team A,4.0,2.0
1628,2027-05-06,Team F,Team D,4.0,4.0
1629,2027-05-07,Team B,Team D,0.0,
1630,2027-05-08,Team E,Team B,2.0,
1631,2027-05-09,Team C,Team F,3.0,2.0
1632,2027-05-10,Team A,Team F,0.0,5.0
1633,2027-05-11,Team F,Team D,0.0,4.0
1634,2027-05-12,Team E,Team C,2.0,3.0
1635,2027-05-13,Team F,Team E,5.0,
1636,2027-05-14,Team B,Team B,5.0,0.0
1637,2027-05-15,Team D,Team E,5.0,
1638,2027-05-16,Team D,Team B,5.0,2.0
1639,2027-05-17,Team D,Team D,1.0,5.0
1640,2027-05-18,Team F,Team A,3.0,
1641,2027-05-19,Team D,Team D,,0.0
1642,2027-05-20,Team A,Team E,3.0,
1643,2027-05-21,Team F,Team D,,2.0
1644,2027-05-22,Team D,Team A,0.0,2.0
1645,2027-05-23,Team C,Team D,3.0,3.0
1646,2027-05-24,Team D,Team B,,4.0
1647,2027-05-25,Team A,Team C,0.0,4.0
1648,2027-05-26,Team F,Team D,4.0,5.0
1649,2027-05-27,Team C,Team B,0.0,
1650,2027-05-28,Team B,Team E,1.0,5.0
1651,2027-05-29,Team F,Team E,3.0,0.0
1652,2027-05-30,Team F,Team E,0.0,4.0
1653,2027-05-31,Team E,Team C,2.0,5.0
1654,2027-06-01,Team A,Team D,1.0,5.0
1655,2027-06-02,Team F,Team B,0.0,1.0
1656,2027-06-03,Team B,Team C,,4.0
1657,2027-06-04,Team F,Team A,5.0,4.0
1658,2027-06-05,Team D,Team A,4.0,0.0
1659,2027-06-06,Team E,Team F,,4.0
1660,2027-06-07,Team A,Team D,0.0,2.0
1661,2027-06-08,Team C,Team B,,
1662,2027-06-09,Team A,Team E,,1.0
1663,2027-06-10,Team D,Team B,1.0,4.0
1664,2027-06-11,Team E,Team D,5.0,
1665,2027-06-12,Team C,Team E,5.0,0.0
1666,2027-06-13,Team E,Team A,2.0,
1667,2027-06-14,Team F,Team D,,5.0
1668,2027-06-15,Team E,Team A,3.0,1.0
1669,2027-06-16,Team C,Team A,2.0,4.0
1670,2027-06-17,Team A,Team D,2.0,4.0
1671,2027-06-18,Team C,Team E,5.0,5.0
1672,2027-06-19,Team F,Team F,2.0,3.0
1673,2027-06-20,Team A,Team A,0.0,4.0
1674,2027-06-21,Team D,Team A,1.0,2.0
1675,2027-06-22,Team E,Team C,1.0,1.0
1676,2027-06-23,Team B,Team D,0.0,
1677,2027-06-24,Team F,Team E,2.0,5.0
1678,2027-06-25,Team D,Team F,0.0,2.0
1679,2027-06-26,Team E,Team D,,0.0
1680,2027-06-27,Team D,Team C,0.0,1.0
1681,2027-06-28,Team E,Team B,2.0,3.0
1682,2027-06-29,Team C,Team F,1.0,
1683,2027-06-30,Team E,Team A,0.0,3.0
1684,2027-07-01,Team B,Team D,,
1685,2027-07-02,Team B,Team C,4.0,1.0
1686,2027-07-03,Team D,Team A,5.0,5.0
1687,2027-07-04,Team F,Team D,1.0,5.0
1688,2027-07-05,Team A,Team F,0.0,0.0
1689,2027-07-06,Team D,Team B,4.0,2.0
1690,2027-07-07,Team E,Team B,2.0,
1691,2027-07-08,Team D,Team A,1.0,1.0
1692,2027-07-09,Team C,Team A,3.0,5.0
1693,2027-07-10,Team A,Team F,4.0,4.0
1694,2027-07-11,Team E,Team C,1.0,5.0
1695,2027-07-12,Team E,Team E,3.0,
1696,2027-07-13,Team B,Team C,3.0,5.0
1697,2027-07-14,Team E,Team F,0.0,
1698,2027-07-15,Team A,Team B,5.0,5.0
1699,2027-07-16,Team C,Team A,0.0,1.0
1700,2027-07-17,Team F,Team F,2.0,3.0
1701,2027-07-18,Team D,Team A,5.0,0.0
1702,2027-07-19,Team E,Team E,4.0,1.0
1703,2027-07-20,Team C,Team C,5.0,3.0
1704,2027-07-21,Team F,Team E,3.0,5.0
1705,2027-07-22,Team B,Team E,5.0,3.0
1706,2027-07-23,Team D,Team B,,2.0
1707,2027-07-24,Team B,Team D,5.0,4.0
1708,2027-07-25,Team C,Team B,,1.0
1709,2027-07-26,Team B,Team B,4.0,2.0
1710,2027-07-27,Team C,Team C,1.0,1.0
1711,2027-07-28,Team B,Team A,3.0,4.0
1712,2027-07-29,Team C,Team D,,4.0
1713,2027-07-30,Team F,Team F,,
1714,2027-07-31,Team D,Team E,,0.0
1715,2027-08-01,Team E,Team B,1.0,1.0
1716,2027-08-02,Team D,Team E,3.0,2.0
1717,2027-08-03,Team C,Team C,5.0,0.0
1718,2027-08-04,Team E,Team F,5.0,5.0
1719,2027-08-05,Team C,Team D,0.0,1.0
1720,2027-08-06,Team F,Team C,3.0,2.0
1721,2027-08-07,Team D,Team F,,5.0
1722,2027-08-08,Team F,Team B,,4.0
1723,2027-08-09,Team A,Team A,0.0,2.0
1724,2027-08-10,Team A,Team D,1.0,0.0
1725,2027-08-11,Team F,Team B,,0.0
1726,2027-08-12,Team F,Team C,3.0,0.0
1727,2027-08-13,Team A,Team C,3.0,
1728,2027-08-14,Team D,Team E,1.0,5.0
1729,2027-08-15,Team C,Team D,4.0,
1730,2027-08-16,Team C,Team C,4.0,2.0
1731,2027-08-17,Team D,Team E,3.0,
1732,2027-08-18,Team B,Team F,5.0,4.0
1733,2027-08-19,Team A,Team C,2.0,
1734,2027-08-20,Team E,Team E,3.0,3.0
1735,2027-08-21,Team A,Team C,0.0,5.0
1736,2027-08-22,Team B,Team C,2.0,0.0
1737,2027-08-23,Team A,Team C,3.0,0.0
1738,2027-08-24,Team E,Team C,,2.0
1739,2027-08-25,Team E,Team E,1.0,2.0
1740,2027-08-26,Team C,Team F,0.0,3.0
1741,2027-08-27,Team E,Team B,,3.0
1742,2027-08-28,Team B,Team B,2.0,1.0
1743,2027-08-29,Team E,Team B,4.0,1.0
1744,2027-08-30,Team F,Team D,4.0,1.0
1745,2027-08-31,Team F,Team F,1.0,0.0
1746,2027-09-01,Team E,Team D,5.0,5.0
1747,2027-09-02,Team B,Team F,,4.0
1748,2027-09-03,Team E,Team A,,5.0
1749,2027-09-04,Team C,Team A,,5.0
1750,2027-09-05,Team E,Team F,,5.0
1751,2027-09-06,Team A,Team E,5.0,1.0
1752,2027-09-07,Team B,Team A,4.0,1.0
1753,2027-09-08,Team D,Team B,5.0,3.0
1754,2027-09-09,Team F,Team A,4.0,3.0
1755,2027-09-10,Team E,Team E,3.0,1.0
1756,2027-09-11,Team B,Team E,1.0,5.0
1757,2027-09-12,Team D,Team C,0.0,3.0
1758,2027-09-13,Team B,Team B,0.0,
1759,2027-09-14,Team E,Team D,1.0,
1760,2027-09-15,Team A,Team F,5.0,
1761,2027-09-16,Team A,Team C,,
1762,2027-09-17,Team A,Team B,3.0,5.0
1763,2027-09-18,Team E,Team B,2.0,1.0
1764,2027-09-19,Team F,Team E,4.0,5.0
1765,2027-09-20,Team F,Team B,0.0,5.0
1766,2027-09-21,Team D,Team C,,3.0
1767,2027-09-22,Team D,Team B,2.0,5.0
1768,2027-09-23,Team F,Team E,0.0,4.0
1769,2027-09-24,Team A,Team F,0.0,3.0
1770,2027-09-25,Team A,Team C,0.0,0.0
1771,2027-09-26,Team E,Team F,,1.0
1772,2027-09-27,Team E,Team A,5.0,2.0
1773,2027-09-28,Team C,Team D,4.0,0.0
1774,2027-09-29,Team D,Team C,0.0,0.0
1775,2027-09-30,Team C,Team E,3.0,
1776,2027-10-01,Team B,Team D,0.0,0.0
1777,2027-10-02,Team B,Team F,3.0,
1778,2027-10-03,Team E,Team A,,1.0
1779,2027-10-04,Team F,Team A,,
1780,2027-10-05,Team F,Team E,,3.0
1781,2027-10-06,Team C,Team A,,1.0
1782,2027-10-07,Team C,Team E,0.0,0.0
1783,2027-10-08,Team B,Team E,1.0,3.0
1784,2027-10-09,Team C,Team C,2.0,2.0
1785,2027-10-10,Team F,Team E,0.0,1.0
1786,2027-10-11,Team F,Team A,0.0,0.0
1787,2027-10-12,Team B,Team B,3.0,0.0
1788,2027-10-13,Team F,Team C,0.0,1.0
1789,2027-10-14,Team F,Team A,0.0,5.0
1790,2027-10-15,Team C,Team B,3.0,2.0
1791,2027-10-16,Team C,Team B,,
1792,2027-10-17,Team F,Team F,4.0,0.0
1793,2027-10-18,Team B,Team E,0.0,0.0
1794,2027-10-19,Team E,Team F,5.0,1.0
1795,2027-10-20,Team B,Team B,0.0,3.0
1796,2027-10-21,Team B,Team E,,
1797,2027-10-22,Team C,Team C,2.0,5.0
1798,2027-10-23,Team B,Team C,4.0,0.0
1799,2027-10-24,Team F,Team E,4.0,0.0
1800,2027-10-25,Team A,Team C,4.0,0.0
1801,2027-10-26,Team D,Team B,3.0,2.0
1802,2027-10-27,Team C,Team A,0.0,5.0
1803,2027-10-28,Team D,Team B,2.0,3.0
1804,2027-10-29,Team C,Team E,3.0,2.0
1805,2027-10-30,Team C,Team D,2.0,2.0
1806,2027-10-31,Team A,Team F,3.0,
1807,2027-11-01,Team F,Team E,,5.0
1808,2027-11-02,Team E,Team F,,1.0
1809,2027-11-03,Team C,Team E,4.0,1.0
1810,2027-11-04,Team F,Team C,5.0,
1811,2027-11-05,Team D,Team F,5.0,3.0
1812,2027-11-06,Team D,Team D,3.0,4.0
1813,2027-11-07,Team B,Team E,2.0,
1814,2027-11-08,Team F,Team D,1.0,
1815,2027-11-09,Team E,Team F,1.0,0.0
1816,2027-11-10,Team A,Team B,,5.0
1817,2027-11-11,Team D,Team F,1.0,
1818,2027-11-12,Team F,Team C,2.0,2.0
1819,2027-11-13,Team A,Team E,1.0,
1820,2027-11-14,Team C,Team F,5.0,4.0
1821,2027-11-15,Team E,Team C,0.0,
1822,2027-11-16,Team A,Team F,,3.0
1823,2027-11-17,Team E,Team D,1.0,
1824,2027-11-18,Team A,Team F,5.0,0.0
1825,2027-11-19,Team A,Team D,5.0,4.0
1826,2027-11-20,Team C,Team A,2.0,4.0
1827,2027-11-21,Team D,Team E,1.0,3.0
1828,2027-11-22,Team A,Team C,4.0,1.0
1829,2027-11-23,Team E,Team A,0.0,2.0
1830,2027-11-24,Team C,Team B,1.0,
1831,2027-11-25,Team A,Team B,1.0,1.0
1832,2027-11-26,Team C,Team C,3.0,1.0
1833,2027-11-27,Team F,Team F,5.0,5.0
1834,2027-11-28,Team D,Team A,2.0,2.0
1835,2027-11-29,Team F,Team D,2.0,5.0
1836,2027-11-30,Team F,Team B,2.0,1.0
1837,2027-12-01,Team E,Team A,,2.0
1838,2027-12-02,Team C,Team C,4.0,0.0
1839,2027-12-03,Team E,Team C,4.0,1.0
1840,2027-12-04,Team B,Team B,2.0,0.0
1841,2027-12-05,Team A,Team A,1.0,2.0
1842,2027-12-06,Team C,Team E,5.0,
1843,2027-12-07,Team D,Team C,3.0,4.0
1844,2027-12-08,Team F,Team B,4.0,2.0
1845,2027-12-09,Team E,Team F,4.0,4.0
1846,2027-12-10,Team F,Team B,1.0,5.0
1847,2027-12-11,Team C,Team A,4.0,4.0
1848,2027-12-12,Team B,Team D,,0.0
1849,2027-12-13,Team B,Team F,3.0,1.0
1850,2027-12-14,Team C,Team C,5.0,4.0
1851,2027-12-15,Team E,Team B,4.0,2.0
1852,2027-12-16,Team A,Team C,5.0,5.0
1853,2027-12-17,Team E,Team B,0.0,
1854,2027-12-18,Team B,Team D,4.0,5.0
1855,2027-12-19,Team B,Team B,,5.0
1856,2027-12-20,Team C,Team B,3.0,2.0
1857,2027-12-21,Team A,Team C,1.0,
1858,2027-12-22,Team A,Team E,5.0,2.0
1859,2027-12-23,Team F,Team F,1.0,5.0
1860,2027-12-24,Team E,Team D,1.0,4.0
1861,2027-12-25,Team C,Team A,1.0,3.0
1862,2027-12-26,Team B,Team D,2.0,1.0
1863,2027-12-27,Team B,Team F,5.0,2.0
1864,2027-12-28,Team F,Team D,4.0,4.0
1865,2027-12-29,Team D,Team C,5.0,2.0
1866,2027-12-30,Team B,Team D,,2.0
1867,2027-12-31,Team E,Team A,0.0,1.0
1868,2028-01-01,Team B,Team A,4.0,
1869,2028-01-02,Team C,Team A,4.0,0.0
1870,2028-01-03,Team B,Team E,5.0,2.0
1871,2028-01-04,Team A,Team A,5.0,1.0
1872,2028-01-05,Team F,Team F,0.0,0.0
1873,2028-01-06,Team F,Team A,5.0,0.0
1874,2028-01-07,Team D,Team F,3.0,3.0
1875,2028-01-08,Team D,Team B,0.0,4.0
1876,2028-01-09,Team E,Team F,,4.0
1877,2028-01-10,Team D,Team D,5.0,4.0
1878,2028-01-11,Team A,Team D,0.0,4.0
1879,2028-01-12,Team A,Team E,1.0,3.0
1880,2028-01-13,Team A,Team A,1.0,
1881,2028-01-14,Team D,Team C,,2.0
1882,2028-01-15,Team B,Team C,0.0,
1883,2028-01-16,Team B,Team F,2.0,1.0
1884,2028-01-17,Team B,Team F,5.0,0.0
1885,2028-01-18,Team C,Team E,3.0,2.0
1886,2028-01-19,Team A,Team A,0.0,3.0
1887,2028-01-20,Team C,Team A,1.0,2.0
1888,2028-01-21,Team B,Team C,0.0,0.0
1889,2028-01-22,Team B,Team B,3.0,5.0
1890,2028-01-23,Team B,Team A,0.0,
1891,2028-01-24,Team E,Team C,0.0,3.0
1892,2028-01-25,Team F,Team E,2.0,5.0
1893,2028-01-26,Team B,Team C,3.0,3.0
1894,2028-01-27,Team D,Team E,1.0,0.0
1895,2028-01-28,Team B,Team A,5.0,
1896,2028-01-29,Team B,Team F,4.0,2.0
1897,2028-01-30,Team C,Team F,,2.0
1898,2028-01-31,Team D,Team C,3.0,3.0
1899,2028-02-01,Team E,Team C,,3.0
1900,2028-02-02,Team C,Team E,,0.0
1901,2028-02-03,Team D,Team A,4.0,3.0
1902,2028-02-04,Team D,Team A,,
1903,2028-02-05,Team E,Team A,5.0,1.0
1904,2028-02-06,Team E,Team E,5.0,2.0
1905,2028-02-07,Team C,Team F,0.0,4.0
1906,2028-02-08,Team F,Team E,1.0,
1907,2028-02-09,Team B,Team A,1.0,0.0
1908,2028-02-10,Team E,Team A,0.0,1.0
1909,2028-02-11,Team F,Team E,5.0,5.0
1910,2028-02-12,Team E,Team E,3.0,3.0
1911,2028-02-13,Team B,Team F,1.0,4.0
1912,2028-02-14,Team C,Team E,1.0,1.0
1913,2028-02-15,Team E,Team A,0.0,5.0
1914,2028-02-16,Team C,Team C,4.0,5.0
1915,2028-02-17,Team E,Team B,2.0,3.0
1916,2028-02-18,Team A,Team A,0.0,5.0
1917,2028-02-19,Team A,Team F,4.0,
1918,2028-02-20,Team D,Team C,5.0,1.0
1919,2028-02-21,Team B,Team E,5.0,
1920,2028-02-22,Team E,Team B,4.0,0.0
1921,2028-02-23,Team A,Team F,,0.0
1922,2028-02-24,Team F,Team B,0.0,0.0
1923,2028-02-25,Team C,Team F,4.0,3.0
1924,2028-02-26,Team B,Team D,,
1925,2028-02-27,Team F,Team A,4.0,
1926,2028-02-28,Team E,Team C,4.0,1.0
1927,2028-02-29,Team A,Team A,0.0,3.0
1928,2028-03-01,Team C,Team C,4.0,4.0
1929,2028-03-02,Team E,Team B,4.0,0.0
1930,2028-03-03,Team A,Team C,4.0,
1931,2028-03-04,Team C,Team D,1.0,0.0
1932,2028-03-05,Team F,Team D,2.0,1.0
1933,2028-03-06,Team D,Team E,0.0,4.0
1934,2028-03-07,Team B,Team A,0.0,0.0
1935,2028-03-08,Team C,Team F,5.0,3.0
1936,2028-03-09,Team E,Team F,5.0,4.0
1937,2028-03-10,Team A,Team D,5.0,4.0
1938,2028-03-11,Team D,Team D,4.0,2.0
1939,2028-03-12,Team F,Team E,1.0,3.0
1940,2028-03-13,Team D,Team A,2.0,2.0
1941,2028-03-14,Team A,Team A,5.0,3.0
1942,2028-03-15,Team B,Team D,,2.0
1943,2028-03-16,Team F,Team F,0.0,3.0
1944,2028-03-17,Team C,Team E,3.0,1.0
1945,2028-03-18,Team E,Team A,2.0,2.0
1946,2028-03-19,Team B,Team D,,3.0
1947,2028-03-20,Team D,Team A,3.0,2.0
1948,2028-03-21,Team F,Team C,5.0,0.0
1949,2028-03-22,Team C,Team F,3.0,
1950,2028-03-23,Team D,Team A,4.0,2.0
1951,2028-03-24,Team E,Team A,4.0,3.0
1952,2028-03-25,Team D,Team A,,
1953,2028-03-26,Team F,Team A,0.0,2.0
1954,2028-03-27,Team E,Team C,,3.0
1955,2028-03-28,Team F,Team A,5.0,2.0
1956,2028-03-29,Team D,Team A,1.0,1.0
1957,2028-03-30,Team E,Team B,4.0,4.0
1958,2028-03-31,Team C,Team F,5.0,1.0
1959,2028-04-01,Team A,Team A,4.0,2.0
1960,2028-04-02,Team E,Team A,3.0,
1961,2028-04-03,Team F,Team A,3.0,0.0
1962,2028-04-04,Team A,Team E,5.0,
1963,2028-04-05,Team B,Team B,2.0,2.0
1964,2028-04-06,Team F,Team B,4.0,5.0
1965,2028-04-07,Team C,Team D,5.0,1.0
1966,2028-04-08,Team B,Team E,,
1967,2028-04-09,Team F,Team A,0.0,5.0
1968,2028-04-10,Team B,Team A,2.0,3.0
1969,2028-04-11,Team C,Team E,4.0,4.0
1970,2028-04-12,Team F,Team B,3.0,1.0
1971,2028-04-13,Team B,Team B,1.0,0.0
1972,2028-04-14,Team B,Team D,4.0,5.0
1973,2028-04-15,Team A,Team D,,2.0
1974,2028-04-16,Team E,Team D,1.0,4.0
1975,2028-04-17,Team C,Team C,0.0,1.0
1976,2028-04-18,Team C,Team D,5.0,0.0
1977,2028-04-19,Team C,Team E,5.0,4.0
1978,2028-04-20,Team A,Team C,1.0,5.0
1979,2028-04-21,Team E,Team E,3.0,1.0
1980,2028-04-22,Team D,Team D,5.0,
1981,2028-04-23,Team C,Team E,4.0,
1982,2028-04-24,Team E,Team D,5.0,4.0
1983,2028-04-25,Team F,Team D,1.0,2.0
1984,2028-04-26,Team F,Team A,,2.0
1985,2028-04-27,Team E,Team C,3.0,
1986,2028-04-28,Team A,Team B,,1.0
1987,2028-04-29,Team F,Team C,3.0,1.0
1988,2028-04-30,Team B,Team D,5.0,1.0
1989,2028-05-01,Team C,Team F,,4.0
1990,2028-05-02,Team A,Team D,0.0,5.0
1991,2028-05-03,Team D,Team A,,3.0
1992,2028-05-04,Team E,Team A,0.0,4.0
1993,2028-05-05,Team E,Team D,,4.0
1994,2028-05-06,Team E,Team D,5.0,
1995,2028-05-07,Team B,Team C,5.0,2.0
1996,2028-05-08,Team F,Team A,,2.0
1997,2028-05-09,Team D,Team B,1.0,4.0
1998,2028-05-10,Team C,Team A,4.0,5.0
1999,2028-05-11,Team C,Team E,2.0,4.0
2000,2028-05-12,Team D,Team A,1.0,1.0
