team_id,team_name,group,ranking
1,Team A,Grp E,15.0
2,Team B,Grp A,10.0
3,Team A,Grp F,5.0
4,Team D,Grp E,10.0
5,Team B,Grp D,15.0
6,Team D,Grp D,5.0
7,Team B,Grp F,20.0
8,Team B,Grp C,10.0
9,Team F,Grp A,
10,Team B,Grp D,15.0
11,Team D,Grp B,15.0
12,Team C,Grp C,5.0
13,Team D,Grp F,
14,Team F,Grp B,20.0
15,Team D,Grp B,1.0
16,Team B,Grp E,10.0
17,Team D,Grp F,
18,Team A,Grp E,15.0
19,Team B,Grp B,15.0
20,Team D,Grp C,10.0
21,Team B,Grp D,20.0
22,Team B,Grp B,
23,Team B,Grp E,10.0
24,Team A,Grp B,
25,Team D,Grp A,1.0
26,Team E,Grp D,
27,Team A,Grp E,15.0
28,Team B,Grp A,15.0
29,Team A,Grp F,15.0
30,Team D,Grp F,15.0
31,Team A,Grp F,15.0
32,Team E,Grp B,10.0
33,Team A,Grp E,1.0
34,Team A,Grp E,1.0
35,Team A,Grp E,20.0
36,Team D,Grp C,
37,Team E,Grp B,20.0
38,Team A,Grp C,20.0
39,Team C,Grp A,1.0
40,Team D,Grp C,10.0
41,Team C,Grp F,20.0
42,Team E,Grp A,15.0
43,Team D,Grp D,
44,Team F,Grp F,10.0
45,Team A,Grp C,20.0
46,Team F,Grp C,20.0
47,Team C,Grp F,10.0
48,Team B,Grp F,5.0
49,Team E,Grp F,
50,Team D,Grp A,1.0
51,Team A,Grp F,5.0
52,Team C,Grp F,5.0
53,Team C,Grp E,5.0
54,Team C,Grp E,10.0
55,Team F,Grp A,1.0
56,Team A,Grp B,5.0
57,Team F,Grp B,1.0
58,Team B,Grp D,15.0
59,Team F,Grp E,5.0
60,Team A,Grp D,
61,Team D,Grp D,15.0
62,Team B,Grp C,
63,Team D,Grp B,20.0
64,Team B,Grp D,5.0
65,Team F,Grp D,
66,Team E,Grp C,10.0
67,Team C,Grp A,5.0
68,Team A,Grp D,1.0
69,Team D,Grp F,1.0
70,Team D,Grp B,20.0
71,Team E,Grp A,10.0
72,Team F,Grp D,1.0
73,Team F,Grp D,20.0
74,Team C,Grp C,15.0
75,Team A,Grp F,1.0
76,Team B,Grp B,20.0
77,Team D,Grp A,1.0
78,Team C,Grp D,15.0
79,Team C,Grp B,10.0
80,Team C,Grp A,1.0
81,Team E,Grp F,20.0
82,Team C,Grp E,15.0
83,Team C,Grp D,1.0
84,Team A,Grp B,5.0
85,Team C,Grp E,10.0
86,Team D,Grp D,1.0
87,Team E,Grp D,5.0
88,Team D,Grp C,20.0
89,Team C,Grp A,5.0
90,Team E,Grp B,
91,Team F,Grp F,
92,Team F,Grp E,10.0
93,Team C,Grp F,5.0
94,Team B,Grp E,1.0
95,Team D,Grp B,15.0
96,Team C,Grp E,
97,Team A,Grp A,
98,Team B,Grp F,15.0
99,Team E,Grp F,
100,Team D,Grp B,15.0
101,Team E,Grp E,15.0
102,Team F,Grp E,10.0
103,Team A,Grp D,10.0
104,Team A,Grp F,
105,Team A,Grp D,20.0
106,Team E,Grp A,20.0
107,Team F,Grp A,1.0
108,Team B,Grp A,1.0
109,Team A,Grp D,1.0
110,Team D,Grp B,20.0
111,Team B,Grp C,20.0
112,Team A,Grp E,
113,Team A,Grp A,15.0
114,Team C,Grp A,5.0
115,Team F,Grp D,10.0
116,Team C,Grp E,5.0
117,Team F,Grp D,5.0
118,Team D,Grp E,5.0
119,Team A,Grp B,15.0
120,Team A,Grp A,5.0
121,Team E,Grp E,20.0
122,Team B,Grp F,
123,Team D,Grp C,15.0
124,Team A,Grp C,1.0
125,Team A,Grp B,15.0
126,Team C,Grp D,10.0
127,Team F,Grp D,5.0
128,Team F,Grp A,1.0
129,Team E,Grp B,15.0
130,Team E,Grp A,10.0
131,Team D,Grp C,20.0
132,Team F,Grp A,20.0
133,Team C,Grp F,
134,Team B,Grp E,1.0
135,Team C,Grp B,
136,Team A,Grp E,15.0
137,Team A,Grp E,5.0
138,Team A,Grp A,10.0
139,Team D,Grp E,5.0
140,Team F,Grp E,
141,Team E,Grp C,10.0
142,Team C,Grp F,20.0
143,Team A,Grp D,
144,Team E,Grp D,20.0
145,Team E,Grp F,1.0
146,Team F,Grp D,20.0
147,Team C,Grp D,15.0
148,Team B,Grp F,1.0
149,Team D,Grp B,1.0
150,Team C,Grp C,5.0
151,Team A,Grp E,
152,Team D,Grp D,1.0
153,Team C,Grp A,
154,Team D,Grp C,15.0
155,Team D,Grp A,1.0
156,Team F,Grp D,10.0
157,Team C,Grp C,5.0
158,Team D,Grp F,15.0
159,Team B,Grp D,1.0
160,Team D,Grp C,10.0
161,Team B,Grp B,15.0
162,Team E,Grp F,20.0
163,Team D,Grp C,5.0
164,Team D,Grp A,5.0
165,Team C,Grp E,5.0
166,Team C,Grp D,10.0
167,Team F,Grp A,10.0
168,Team D,Grp A,5.0
169,Team D,Grp B,1.0
170,Team B,Grp F,10.0
171,Team D,Grp C,20.0
172,Team C,Grp D,
173,Team A,Grp C,
174,Team A,Grp E,
175,Team A,Grp A,15.0
176,Team A,Grp D,15.0
177,Team D,Grp D,20.0
178,Team E,Grp F,20.0
179,Team B,Grp D,
180,Team A,Grp D,15.0
181,Team D,Grp A,5.0
182,Team E,Grp A,10.0
183,Team C,Grp B,10.0
184,Team E,Grp E,10.0
185,Team F,Grp B,
186,Team E,Grp E,5.0
187,Team F,Grp B,10.0
188,Team D,Grp B,20.0
189,Team A,Grp F,1.0
190,Team B,Grp F,5.0
191,Team A,Grp C,
192,Team F,Grp D,
193,Team C,Grp B,20.0
194,Team C,Grp E,10.0
195,Team E,Grp F,5.0
196,Team B,Grp C,20.0
197,Team D,Grp E,10.0
198,Team C,Grp E,
199,Team D,Grp E,10.0
200,Team C,Grp B,15.0
201,Team D,Grp B,NULL
202,Team B,Grp C,NULL
203,Team B,Grp F,NULL
204,Team B,Grp A,NULL
205,Team F,Grp A,NULL
206,Team F,Grp D,NULL
207,Team B,Grp A,NULL
208,Team B,Grp E,NULL
209,Team A,Grp E,NULL
210,Team B,Grp D,NULL
211,Team C,Grp C,NULL
212,Team F,Grp C,
213,Team B,Grp F,15.0
214,Team E,Grp E,20.0
215,Team E,Grp F,
216,Team F,Grp D,
217,Team B,Grp A,5.0
218,Team D,Grp E,1.0
219,Team C,Grp A,10.0
220,Team D,Grp A,15.0
221,Team D,Grp A,10.0
222,Team C,Grp C,5.0
223,Team D,Grp D,5.0
224,Team F,Grp B,10.0
225,Team B,Grp D,1.0
226,Team C,Grp B,15.0
227,Team B,Grp B,5.0
228,Team E,Grp C,15.0
229,Team B,Grp C,1.0
230,Team A,Grp D,10.0
231,Team C,Grp D,20.0
232,Team F,Grp F,5.0
233,Team C,Grp B,5.0
234,Team A,Grp B,20.0
235,Team F,Grp D,20.0
236,Team F,Grp C,15.0
237,Team F,Grp D,1.0
238,Team B,Grp E,
239,Team C,Grp C,20.0
240,Team B,Grp C,15.0
241,Team E,Grp C,10.0
242,Team E,Grp C,5.0
243,Team E,Grp C,
244,Team F,Grp D,15.0
245,Team E,Grp E,5.0
246,Team C,Grp D,
247,Team D,Grp A,10.0
248,Team A,Grp A,
249,Team B,Grp B,15.0
250,Team E,Grp E,5.0
251,NA,Grp E,10.0
252,NA,Grp F,10.0
253,NA,Grp C,15.0
254,NA,Grp B,
255,NA,Grp F,1.0
256,NA,Grp F,15.0
257,NA,Grp D,
258,NA,Grp F,10.0
259,NA,Grp A,5.0
260,NA,Grp E,10.0
261,NA,Grp B,
262,Team B,Grp D,15.0
263,Team B,Grp B,20.0
264,Team B,Grp C,10.0
265,Team B,Grp C,
266,Team E,Grp C,
267,Team A,Grp A,1.0
268,Team A,Grp A,10.0
269,Team A,Grp F,10.0
270,Team E,Grp C,20.0
271,Team F,Grp B,20.0
272,Team C,Grp E,5.0
273,Team B,Grp D,10.0
274,Team F,Grp C,
275,Team A,Grp A,20.0
276,Team B,Grp A,1.0
277,Team E,Grp F,10.0
278,Team C,Grp C,
279,Team D,Grp F,20.0
280,Team D,Grp E,5.0
281,Team F,Grp A,10.0
282,Team A,Grp A,5.0
283,Team D,Grp C,
284,Team E,Grp B,10.0
285,Team C,Grp F,1.0
286,Team D,Grp F,1.0
287,Team C,Grp F,15.0
288,Team B,Grp F,15.0
289,Team A,Grp B,
290,Team E,Grp E,5.0
291,Team B,Grp E,20.0
292,Team D,Grp F,15.0
293,Team C,Grp C,10.0
294,Team E,Grp F,10.0
295,Team C,Grp A,1.0
296,Team D,Grp E,15.0
297,Team F,Grp A,15.0
298,Team E,Grp E,15.0
299,Team B,Grp A,10.0
300,Team A,Grp C,1.0
301,Team E,Grp B,20.0
302,Team F,Grp A,15.0
303,Team C,Grp B,
304,Team A,Grp B,15.0
305,Team C,Grp B,5.0
306,Team D,Grp A,1.0
307,Team E,Grp C,15.0
308,Team C,Grp B,10.0
309,Team B,Grp D,5.0
310,Team D,Grp E,10.0
311,Team D,Grp B,
312,Team A,Grp D,5.0
313,Team D,Grp C,1.0
314,Team A,Grp B,5.0
315,Team B,Grp D,20.0
316,Team D,Grp B,15.0
317,Team F,Grp E,5.0
318,Team C,Grp E,10.0
319,Team C,Grp C,10.0
320,Team F,Grp E,10.0
321,Team A,Grp C,20.0
322,Team D,Grp F,1.0
323,Team F,Grp E,15.0
324,Team D,Grp F,10.0
325,Team A,Grp C,
326,Team A,Grp D,15.0
327,Team E,Grp D,5.0
328,Team B,Grp E,10.0
329,Team C,Grp C,20.0
330,Team C,Grp A,5.0
331,Team C,Grp E,15.0
332,Team E,Grp C,1.0
333,Team E,Grp C,10.0
334,Team D,Grp D,10.0
335,Team D,Grp B,1.0
336,Team A,Grp E,
337,Team E,Grp D,
338,Team C,Grp B,
339,Team A,Grp A,15.0
340,Team C,Grp C,5.0
341,Team D,Grp D,
342,Team E,Grp C,20.0
343,Team D,Grp E,5.0
344,Team F,Grp E,15.0
345,Team B,Grp F,15.0
346,Team B,Grp A,10.0
347,Team F,Grp D,
348,Team C,Grp E,20.0
349,Team D,Grp A,20.0
350,Team B,Grp B,20.0
351,Team D,Grp E,
352,Team C,Grp D,1.0
353,Team D,Grp D,1.0
354,Team A,Grp D,
355,Team F,Grp E,5.0
356,Team B,Grp B,20.0
357,Team F,Grp E,1.0
358,Team A,Grp F,1.0
359,Team D,Grp E,10.0
360,Team F,Grp C,15.0
361,Team B,Grp E,10.0
362,Team B,Grp A,15.0
363,Team F,Grp F,
364,Team C,Grp B,20.0
365,Team C,Grp B,1.0
366,Team E,Grp C,15.0
367,Team D,Grp C,10.0
368,Team A,Grp A,5.0
369,Team D,Grp E,20.0
370,Team C,Grp E,15.0
371,Team C,Grp F,
372,Team A,Grp E,15.0
373,Team D,Grp B,20.0
374,Team A,Grp E,15.0
375,Team B,Grp C,
376,Team B,Grp F,
377,Team A,Grp F,15.0
378,Team F,Grp F,1.0
379,Team C,Grp C,
380,Team B,Grp D,1.0
381,Team B,Grp F,15.0
382,Team B,Grp A,20.0
383,Team F,Grp D,1.0
384,Team F,Grp F,5.0
385,Team C,Grp C,10.0
386,Team F,Grp C,
387,Team E,Grp B,20.0
388,Team F,Grp A,15.0
389,Team C,Grp D,10.0
390,Team E,Grp B,5.0
391,Team B,Grp B,15.0
392,Team D,Grp B,15.0
393,Team D,Grp A,5.0
394,Team B,Grp C,20.0
395,Team D,Grp C,15.0
396,Team E,Grp C,5.0
397,Team F,Grp E,
398,Team A,Grp C,
399,Team B,Grp B,10.0
400,Team A,Grp E,15.0
401,Team D,Grp E,15.0
402,Team E,Grp C,
403,Team A,Grp F,
404,Team B,Grp C,5.0
405,Team F,Grp E,10.0
406,Team A,Grp B,15.0
407,Team A,Grp C,5.0
408,Team B,Grp D,1.0
409,Team C,Grp C,1.0
410,Team B,Grp C,
411,Team F,Grp E,15.0
412,Team F,Grp A,5.0
413,Team B,Grp F,15.0
414,Team C,Grp B,
415,Team F,Grp C,10.0
416,Team F,Grp A,10.0
417,Team C,Grp E,5.0
418,Team A,Grp A,10.0
419,Team E,Grp F,1.0
420,Team B,Grp E,5.0
421,Team F,Grp F,1.0
422,Team C,Grp E,
423,Team D,Grp A,5.0
424,Team D,Grp E,20.0
425,Team F,Grp D,15.0
426,Team B,Grp F,20.0
427,Team A,Grp D,15.0
428,Team E,Grp F,20.0
429,Team E,Grp D,10.0
430,Team F,Grp E,15.0
431,Team D,Grp A,15.0
432,Team E,Grp B,15.0
433,Team D,Grp C,20.0
434,Team D,Grp A,
435,Team D,Grp D,5.0
436,Team A,Grp F,1.0
437,Team F,Grp D,20.0
438,Team D,Grp E,5.0
439,Team A,Grp E,
440,Team F,Grp D,5.0
441,Team A,Grp E,15.0
442,Team B,Grp E,
443,Team D,Grp C,1.0
444,Team B,Grp D,5.0
445,Team C,Grp C,20.0
446,Team D,Grp C,5.0
447,Team A,Grp A,15.0
448,Team F,Grp F,5.0
449,Team C,Grp F,10.0
450,Team C,Grp A,1.0
451,Team E,Grp C,1.0
452,Team F,Grp A,20.0
453,Team A,Grp D,1.0
454,Team D,Grp F,5.0
455,Team C,Grp E,20.0
456,Team D,Grp C,10.0
457,Team F,Grp D,1.0
458,Team D,Grp B,1.0
459,Team D,Grp F,10.0
460,Team A,Grp F,
461,Team F,Grp C,
462,Team B,Grp A,
463,Team D,Grp B,1.0
464,Team D,Grp B,10.0
465,Team B,Grp E,10.0
466,Team E,Grp A,
467,Team C,Grp B,20.0
468,Team A,Grp F,
469,Team B,Grp E,10.0
470,Team A,Grp E,10.0
471,Team C,Grp A,5.0
472,Team D,Grp E,20.0
473,Team E,Grp F,5.0
474,Team C,Grp A,10.0
475,Team D,Grp D,
476,Team F,Grp F,15.0
477,Team D,Grp A,20.0
478,Team B,Grp A,20.0
479,Team A,Grp D,20.0
480,Team B,Grp A,20.0
481,Team A,Grp C,20.0
482,Team C,Grp B,15.0
483,Team C,Grp F,20.0
484,Team B,Grp A,
485,Team A,Grp C,20.0
486,Team C,Grp C,10.0
487,Team F,Grp B,5.0
488,Team C,Grp C,10.0
489,Team E,Grp C,20.0
490,Team F,Grp A,5.0
491,Team A,Grp D,5.0
492,Team D,Grp A,15.0
493,Team B,Grp D,5.0
494,Team E,Grp F,
495,Team C,Grp C,
496,Team A,Grp D,20.0
497,Team F,Grp B,15.0
498,Team C,Grp D,15.0
499,Team F,Grp C,10.0
500,Team F,Grp F,5.0
501,Team C,Grp E,
502,Team D,Grp B,1.0
503,Team C,Grp B,10.0
504,Team F,Grp D,20.0
505,Team C,Grp B,20.0
506,Team A,Grp F,10.0
507,Team F,Grp F,5.0
508,Team E,Grp D,5.0
509,Team C,Grp B,5.0
510,Team B,Grp F,15.0
511,Team E,Grp F,15.0
512,Team E,Grp B,20.0
513,Team A,Grp E,10.0
514,Team C,Grp D,20.0
515,Team F,Grp A,5.0
516,Team A,Grp E,10.0
517,Team B,Grp B,1.0
518,Team A,Grp F,15.0
519,Team D,Grp B,20.0
520,Team E,Grp D,10.0
521,Team F,Grp F,1.0
522,Team D,Grp F,5.0
523,Team E,Grp F,20.0
524,Team F,Grp F,1.0
525,Team C,Grp F,
526,Team A,Grp E,1.0
527,Team E,Grp D,
528,Team B,Grp C,
529,Team F,Grp F,20.0
530,Team D,Grp D,10.0
531,Team D,Grp B,1.0
532,Team A,Grp F,
533,Team F,Grp B,20.0
534,Team B,Grp C,10.0
535,Team F,Grp B,10.0
536,Team E,Grp F,5.0
537,Team A,Grp B,
538,Team B,Grp F,20.0
539,Team E,Grp E,5.0
540,Team A,Grp A,
541,Team B,Grp A,
542,Team F,Grp D,20.0
543,Team B,Grp F,
544,Team C,Grp C,15.0
545,Team A,Grp C,5.0
546,Team D,Grp E,15.0
547,Team A,Grp C,10.0
548,Team D,Grp E,5.0
549,Team C,Grp A,10.0
550,Team B,Grp F,10.0
551,Team C,Grp E,10.0
552,Team D,Grp D,
553,Team F,Grp F,10.0
554,Team F,Grp C,
555,Team F,Grp A,5.0
556,Team F,Grp A,
557,Team D,Grp D,20.0
558,Team B,Grp A,15.0
559,Team C,Grp E,20.0
560,Team C,Grp F,20.0
561,Team E,Grp A,5.0
562,Team A,Grp C,1.0
563,Team C,Grp A,20.0
564,Team B,Grp E,1.0
565,Team A,Grp F,5.0
566,Team B,Grp A,15.0
567,Team F,Grp B,5.0
568,Team A,Grp F,
569,Team C,Grp B,20.0
570,Team E,Grp C,10.0
571,Team F,Grp C,20.0
572,Team C,Grp E,5.0
573,Team A,Grp F,20.0
574,Team B,Grp B,1.0
575,Team A,Grp B,5.0
576,Team C,Grp D,1.0
577,Team C,Grp A,
578,Team D,Grp D,1.0
579,Team F,Grp E,20.0
580,Team A,Grp A,
581,Team F,Grp F,10.0
582,Team A,Grp C,1.0
583,Team D,Grp B,15.0
584,Team B,Grp F,20.0
585,Team E,Grp A,1.0
586,Team E,Grp F,10.0
587,Team F,Grp D,10.0
588,Team E,Grp A,5.0
589,Team D,Grp B,20.0
590,Team E,Grp B,15.0
591,Team E,Grp F,
592,Team B,Grp B,20.0
593,Team D,Grp E,10.0
594,Team A,Grp F,20.0
595,Team B,Grp C,1.0
596,Team B,Grp D,
597,Team A,Grp E,
598,Team C,Grp F,
599,Team E,Grp A,
600,Team D,Grp F,1.0
601,Team B,Grp D,
602,Team C,Grp F,
603,Team C,Grp B,20.0
604,Team D,Grp B,15.0
605,Team F,Grp E,20.0
606,Team A,Grp C,20.0
607,Team A,Grp E,
608,Team E,Grp C,5.0
609,Team C,Grp C,
610,Team E,Grp A,5.0
611,Team B,Grp D,10.0
612,Team B,Grp E,1.0
613,Team A,Grp B,
614,Team E,Grp E,10.0
615,Team E,Grp C,1.0
616,Team A,Grp E,15.0
617,Team D,Grp B,10.0
618,Team E,Grp F,5.0
619,Team D,Grp B,5.0
620,Team E,Grp D,
621,Team F,Grp C,
622,Team C,Grp D,
623,Team F,Grp D,15.0
624,Team D,Grp D,
625,Team F,Grp A,1.0
626,Team A,Grp B,5.0
627,Team E,Grp B,10.0
628,Team D,Grp B,15.0
629,Team E,Grp C,10.0
630,Team D,Grp F,15.0
631,Team A,Grp C,10.0
632,Team A,Grp C,1.0
633,Team B,Grp B,15.0
634,Team C,Grp E,
635,Team B,Grp F,10.0
636,Team A,Grp D,20.0
637,Team A,Grp D,10.0
638,Team E,Grp F,10.0
639,Team B,Grp A,10.0
640,Team A,Grp D,15.0
641,Team D,Grp E,20.0
642,Team D,Grp E,5.0
643,Team B,Grp A,20.0
644,Team F,Grp F,1.0
645,Team F,Grp E,1.0
646,Team F,Grp E,
647,Team B,Grp B,20.0
648,Team A,Grp C,1.0
649,Team C,Grp C,15.0
650,Team D,Grp F,
651,Team F,Grp A,15.0
652,Team A,Grp D,5.0
653,Team E,Grp A,1.0
654,Team F,Grp A,
655,Team A,Grp B,10.0
656,Team B,Grp A,10.0
657,Team F,Grp B,20.0
658,Team F,Grp A,1.0
659,Team A,Grp B,5.0
660,Team F,Grp A,1.0
661,Team B,Grp A,1.0
662,Team E,Grp B,
663,Team C,Grp A,15.0
664,Team D,Grp C,10.0
665,Team B,Grp F,15.0
666,Team E,Grp B,
667,Team B,Grp C,10.0
668,Team A,Grp F,1.0
669,Team E,Grp B,15.0
670,Team D,Grp D,10.0
671,Team A,Grp D,15.0
672,Team A,Grp D,1.0
673,Team B,Grp C,10.0
674,Team C,Grp B,5.0
675,Team D,Grp D,15.0
676,Team F,Grp B,15.0
677,Team A,Grp D,
678,Team A,Grp A,15.0
679,Team D,Grp D,5.0
680,Team F,Grp F,
681,Team B,Grp C,1.0
682,Team C,Grp A,20.0
683,Team B,Grp B,
684,Team D,Grp C,15.0
685,Team E,Grp C,5.0
686,Team E,Grp A,10.0
687,Team A,Grp A,
688,Team F,Grp A,20.0
689,Team C,Grp E,10.0
690,Team D,Grp E,
691,Team F,Grp B,5.0
692,Team D,Grp D,15.0
693,Team A,Grp A,10.0
694,Team B,Grp C,5.0
695,Team A,Grp E,5.0
696,Team A,Grp A,
697,Team F,Grp A,
698,Team C,Grp F,1.0
699,Team A,Grp F,5.0
700,Team C,Grp A,
701,Team B,Grp E,5.0
702,Team C,Grp A,20.0
703,Team A,Grp D,10.0
704,Team A,Grp D,
705,Team F,Grp E,1.0
706,Team A,Grp F,10.0
707,Team A,Grp D,10.0
708,Team F,Grp C,5.0
709,Team A,Grp A,20.0
710,Team C,Grp B,5.0
711,Team D,Grp A,
712,Team A,Grp E,
713,Team A,Grp D,10.0
714,Team F,Grp A,1.0
715,Team C,Grp E,15.0
716,Team E,Grp B,10.0
717,Team E,Grp A,15.0
718,Team C,Grp E,10.0
719,Team E,Grp F,5.0
720,Team C,Grp C,
721,Team E,Grp A,5.0
722,Team B,Grp E,
723,Team C,Grp F,15.0
724,Team E,Grp C,5.0
725,Team B,Grp F,15.0
726,Team D,Grp E,5.0
727,Team C,Grp E,5.0
728,Team E,Grp D,10.0
729,Team D,Grp E,5.0
730,Team F,Grp C,10.0
731,Team A,Grp E,10.0
732,Team B,Grp E,15.0
733,Team A,Grp E,10.0
734,Team D,Grp F,20.0
735,Team F,Grp F,20.0
736,Team C,Grp E,1.0
737,Team D,Grp C,5.0
738,Team C,Grp A,20.0
739,Team A,Grp D,
740,Team B,Grp D,1.0
741,Team A,Grp A,15.0
742,Team A,Grp C,20.0
743,Team E,Grp D,15.0
744,Team A,Grp B,5.0
745,Team F,Grp C,5.0
746,Team E,Grp A,20.0
747,Team C,Grp D,5.0
748,Team B,Grp F,1.0
749,Team E,Grp B,10.0
750,Team C,Grp A,20.0
751,Team E,Grp F,
752,Team A,Grp F,5.0
753,Team E,Grp A,20.0
754,Team A,Grp F,
755,Team A,Grp B,
756,Team C,Grp E,20.0
757,Team D,Grp C,15.0
758,Team F,Grp F,10.0
759,Team E,Grp D,5.0
760,Team B,Grp A,5.0
761,Team F,Grp E,1.0
762,Team E,Grp C,10.0
763,Team B,Grp C,15.0
764,Team F,Grp F,10.0
765,Team C,Grp B,
766,Team D,Grp F,1.0
767,Team B,Grp A,20.0
768,Team C,Grp B,20.0
769,Team B,Grp E,1.0
770,Team C,Grp B,20.0
771,Team A,Grp C,20.0
772,Team C,Grp D,1.0
773,Team E,Grp B,5.0
774,Team A,Grp F,15.0
775,Team B,Grp D,10.0
776,Team D,Grp A,20.0
777,Team F,Grp E,5.0
778,Team B,Grp B,1.0
779,Team D,Grp B,15.0
780,Team B,Grp A,20.0
781,Team E,Grp C,20.0
782,Team A,Grp B,5.0
783,Team A,Grp D,
784,Team D,Grp C,15.0
785,Team E,Grp F,1.0
786,Team C,Grp A,10.0
787,Team B,Grp A,5.0
788,Team B,Grp E,15.0
789,Team D,Grp F,5.0
790,Team B,Grp F,10.0
791,Team C,Grp D,
792,Team B,Grp D,1.0
793,Team B,Grp C,1.0
794,Team F,Grp E,10.0
795,Team B,Grp C,1.0
796,Team F,Grp A,5.0
797,Team D,Grp D,20.0
798,Team F,Grp B,10.0
799,Team C,Grp F,5.0
800,Team B,Grp A,
801,Team E,Grp B,10.0
802,Team C,Grp F,10.0
803,Team D,Grp B,
804,Team E,Grp F,5.0
805,Team B,Grp A,
806,Team E,Grp B,15.0
807,Team D,Grp F,
808,Team A,Grp D,
809,Team E,Grp F,5.0
810,Team C,Grp F,5.0
811,Team B,Grp D,5.0
812,Team F,Grp A,1.0
813,Team D,Grp A,5.0
814,Team A,Grp E,10.0
815,Team C,Grp B,5.0
816,Team F,Grp F,1.0
817,Team F,Grp A,5.0
818,Team F,Grp A,5.0
819,Team D,Grp B,20.0
820,Team F,Grp B,15.0
821,Team E,Grp D,5.0
822,Team B,Grp B,20.0
823,Team B,Grp D,
824,Team C,Grp C,15.0
825,Team E,Grp B,1.0
826,Team A,Grp E,20.0
827,Team D,Grp F,10.0
828,Team D,Grp C,15.0
829,Team B,Grp E,1.0
830,Team F,Grp B,5.0
831,Team A,Grp F,20.0
832,Team B,Grp B,1.0
833,Team F,Grp D,10.0
834,Team C,Grp D,10.0
835,Team B,Grp D,1.0
836,Team E,Grp E,15.0
837,Team F,Grp A,20.0
838,Team F,Grp C,5.0
839,Team F,Grp F,5.0
840,Team F,Grp C,5.0
841,Team F,Grp E,10.0
842,Team B,Grp C,15.0
843,Team B,Grp D,20.0
844,Team A,Grp F,
845,Team F,Grp F,5.0
846,Team F,Grp F,10.0
847,Team F,Grp D,20.0
848,Team C,Grp A,5.0
849,Team C,Grp A,10.0
850,Team A,Grp D,20.0
851,Team E,Grp B,20.0
852,Team B,Grp A,5.0
853,Team D,Grp B,20.0
854,Team B,Grp F,
855,Team B,Grp B,20.0
856,Team B,Grp A,20.0
857,Team B,Grp D,20.0
858,Team B,Grp A,1.0
859,Team E,Grp A,15.0
860,Team D,Grp B,1.0
861,Team C,Grp E,
862,Team F,Grp D,1.0
863,Team F,Grp A,10.0
864,Team C,Grp F,1.0
865,Team C,Grp B,5.0
866,Team A,Grp D,5.0
867,Team B,Grp F,10.0
868,Team E,Grp B,1.0
869,Team C,Grp F,1.0
870,Team B,Grp E,20.0
871,Team E,Grp C,15.0
872,Team E,Grp B,15.0
873,Team D,Grp E,1.0
874,Team E,Grp D,20.0
875,Team D,Grp D,
876,Team C,Grp A,10.0
877,Team E,Grp D,10.0
878,Team C,Grp A,20.0
879,Team F,Grp C,1.0
880,Team F,Grp A,1.0
881,Team D,Grp E,
882,Team D,Grp E,5.0
883,Team E,Grp D,
884,Team C,Grp B,5.0
885,Team C,Grp D,10.0
886,Team E,Grp E,15.0
887,Team B,Grp E,20.0
888,Team E,Grp B,
889,Team B,Grp A,
890,Team E,Grp E,1.0
891,Team D,Grp C,10.0
892,Team C,Grp A,1.0
893,Team A,Grp C,
894,Team C,Grp F,5.0
895,Team F,Grp A,1.0
896,Team E,Grp E,
897,Team D,Grp A,15.0
898,Team E,Grp F,20.0
899,Team F,Grp E,5.0
900,Team A,Grp D,20.0
901,Team A,Grp A,10.0
902,Team C,Grp C,10.0
903,Team F,Grp A,10.0
904,Team D,Grp F,15.0
905,Team C,Grp A,1.0
906,Team A,Grp C,1.0
907,Team D,Grp F,10.0
908,Team A,Grp B,15.0
909,Team D,Grp F,1.0
910,Team B,Grp B,
911,Team B,Grp A,5.0
912,Team A,Grp F,1.0
913,Team D,Grp E,20.0
914,Team C,Grp A,10.0
915,Team B,Grp B,15.0
916,Team B,Grp C,
917,Team C,Grp B,10.0
918,Team F,Grp C,20.0
919,Team C,Grp C,
920,Team D,Grp E,10.0
921,Team A,Grp A,10.0
922,Team F,Grp F,20.0
923,Team D,Grp F,10.0
924,Team D,Grp F,10.0
925,Team F,Grp B,5.0
926,Team A,Grp D,
927,Team E,Grp C,5.0
928,Team D,Grp E,10.0
929,Team C,Grp D,5.0
930,Team E,Grp A,15.0
931,Team A,Grp E,1.0
932,Team E,Grp D,15.0
933,Team A,Grp B,15.0
934,Team C,Grp B,20.0
935,Team A,Grp B,10.0
936,Team A,Grp D,10.0
937,Team B,Grp B,
938,Team E,Grp F,20.0
939,Team F,Grp B,
940,Team A,Grp D,1.0
941,Team E,Grp E,
942,Team B,Grp D,
943,Team B,Grp E,20.0
944,Team C,Grp A,20.0
945,Team B,Grp B,
946,Team E,Grp C,1.0
947,Team F,Grp A,1.0
948,Team A,Grp D,5.0
949,Team A,Grp A,20.0
950,Team C,Grp D,1.0
951,Team A,Grp E,
952,Team E,Grp B,1.0
953,Team C,Grp D,10.0
954,Team D,Grp A,10.0
955,Team D,Grp E,
956,Team D,Grp C,15.0
957,Team A,Grp D,10.0
958,Team B,Grp A,20.0
959,Team A,Grp B,1.0
960,Team A,Grp E,10.0
961,Team C,Grp F,20.0
962,Team B,Grp B,20.0
963,Team D,Grp B,10.0
964,Team D,Grp F,
965,Team F,Grp C,
966,Team E,Grp F,20.0
967,Team D,Grp F,15.0
968,Team C,Grp D,20.0
969,Team B,Grp D,20.0
970,Team B,Grp F,1.0
971,Team C,Grp B,5.0
972,Team C,Grp C,
973,Team D,Grp B,1.0
974,Team F,Grp B,20.0
975,Team C,Grp C,1.0
976,Team D,Grp B,1.0
977,Team B,Grp D,10.0
978,Team B,Grp D,15.0
979,Team D,Grp D,1.0
980,Team C,Grp B,5.0
981,Team E,Grp A,1.0
982,Team B,Grp F,20.0
983,Team A,Grp C,5.0
984,Team F,Grp F,20.0
985,Team F,Grp C,10.0
986,Team E,Grp C,15.0
987,Team D,Grp F,5.0
988,Team D,Grp F,5.0
989,Team D,Grp E,
990,Team E,Grp D,5.0
991,Team D,Grp D,5.0
992,Team D,Grp D,5.0
993,Team F,Grp E,15.0
994,Team E,Grp D,15.0
995,Team E,Grp B,1.0
996,Team A,Grp C,20.0
997,Team F,Grp B,1.0
998,Team F,Grp D,5.0
999,Team B,Grp D,1.0
1000,Team B,Grp F,15.0
1001,Team A,Grp F,15.0
1002,Team B,Grp D,
1003,Team E,Grp B,5.0
1004,Team C,Grp A,15.0
1005,Team A,Grp C,
1006,Team D,Grp A,1.0
1007,Team A,Grp B,5.0
1008,Team F,Grp A,10.0
1009,Team A,Grp C,10.0
1010,Team D,Grp A,1.0
1011,Team D,Grp D,10.0
1012,Team C,Grp B,
1013,Team F,Grp C,15.0
1014,Team A,Grp D,5.0
1015,Team D,Grp B,1.0
1016,Team E,Grp D,10.0
1017,Team F,Grp E,10.0
1018,Team B,Grp D,15.0
1019,Team F,Grp B,10.0
1020,Team E,Grp D,1.0
1021,Team A,Grp A,5.0
1022,Team B,Grp D,20.0
1023,Team F,Grp B,
1024,Team F,Grp C,15.0
1025,Team E,Grp A,20.0
1026,Team C,Grp A,1.0
1027,Team F,Grp D,15.0
1028,Team A,Grp F,1.0
1029,Team B,Grp D,
1030,Team B,Grp D,5.0
1031,Team E,Grp B,1.0
1032,Team D,Grp D,5.0
1033,Team D,Grp F,15.0
1034,Team C,Grp B,15.0
1035,Team E,Grp D,5.0
1036,Team C,Grp F,5.0
1037,Team A,Grp A,15.0
1038,Team C,Grp B,5.0
1039,Team B,Grp D,
1040,Team D,Grp C,
1041,Team B,Grp B,15.0
1042,Team D,Grp A,10.0
1043,Team F,Grp B,
1044,Team A,Grp C,10.0
1045,Team F,Grp E,5.0
1046,Team B,Grp D,5.0
1047,Team D,Grp C,5.0
1048,Team B,Grp F,5.0
1049,Team F,Grp D,20.0
1050,Team A,Grp E,1.0
1051,Team F,Grp E,15.0
1052,Team F,Grp A,5.0
1053,Team B,Grp A,1.0
1054,Team F,Grp D,10.0
1055,Team D,Grp E,15.0
1056,Team F,Grp A,
1057,Team F,Grp E,10.0
1058,Team F,Grp C,15.0
1059,Team C,Grp A,1.0
1060,Team C,Grp D,
1061,Team A,Grp A,15.0
1062,Team B,Grp E,10.0
1063,Team E,Grp B,15.0
1064,Team F,Grp E,20.0
1065,Team C,Grp D,1.0
1066,Team C,Grp B,1.0
1067,Team E,Grp C,
1068,Team E,Grp A,5.0
1069,Team F,Grp E,20.0
1070,Team E,Grp C,1.0
1071,Team E,Grp A,
1072,Team C,Grp F,15.0
1073,Team D,Grp C,20.0
1074,Team F,Grp F,20.0
1075,Team F,Grp E,1.0
1076,Team A,Grp F,
1077,Team B,Grp B,5.0
1078,Team C,Grp C,20.0
1079,Team E,Grp C,
1080,Team C,Grp F,1.0
1081,Team C,Grp D,10.0
1082,Team F,Grp D,10.0
1083,Team E,Grp E,20.0
1084,Team A,Grp C,10.0
1085,Team A,Grp E,5.0
1086,Team F,Grp C,1.0
1087,Team A,Grp E,
1088,Team D,Grp B,15.0
1089,Team F,Grp E,5.0
1090,Team D,Grp B,1.0
1091,Team F,Grp B,5.0
1092,Team E,Grp A,5.0
1093,Team D,Grp B,20.0
1094,Team E,Grp F,20.0
1095,Team A,Grp F,20.0
1096,Team B,Grp C,1.0
1097,Team C,Grp B,10.0
1098,Team E,Grp F,15.0
1099,Team B,Grp B,5.0
1100,Team B,Grp E,5.0
1101,Team F,Grp D,5.0
1102,Team C,Grp F,15.0
1103,Team C,Grp E,5.0
1104,Team B,Grp C,1.0
1105,Team E,Grp D,10.0
1106,Team B,Grp C,20.0
1107,Team C,Grp B,20.0
1108,Team D,Grp B,15.0
1109,Team C,Grp D,
1110,Team E,Grp C,
1111,Team A,Grp C,15.0
1112,Team F,Grp B,
1113,Team D,Grp D,20.0
1114,Team B,Grp E,15.0
1115,Team B,Grp E,
1116,Team D,Grp A,20.0
1117,Team B,Grp F,15.0
1118,Team F,Grp E,1.0
1119,Team E,Grp F,15.0
1120,Team F,Grp A,
1121,Team A,Grp E,
1122,Team A,Grp A,10.0
1123,Team B,Grp D,15.0
1124,Team B,Grp C,5.0
1125,Team B,Grp F,
1126,Team C,Grp B,20.0
1127,Team A,Grp E,
1128,Team D,Grp F,1.0
1129,Team E,Grp C,20.0
1130,Team C,Grp D,1.0
1131,Team B,Grp E,
1132,Team B,Grp E,1.0
1133,Team F,Grp B,5.0
1134,Team F,Grp D,1.0
1135,Team D,Grp B,10.0
1136,Team A,Grp C,5.0
1137,Team C,Grp A,20.0
1138,Team A,Grp D,20.0
1139,Team E,Grp D,1.0
1140,Team D,Grp C,1.0
1141,Team E,Grp D,5.0
1142,Team C,Grp F,1.0
1143,Team A,Grp B,5.0
1144,Team E,Grp A,15.0
1145,Team E,Grp A,1.0
1146,Team A,Grp F,1.0
1147,Team C,Grp C,5.0
1148,Team F,Grp D,15.0
1149,Team D,Grp C,5.0
1150,Team E,Grp C,10.0
1151,Team F,Grp B,1.0
1152,Team B,Grp C,5.0
1153,Team F,Grp D,
1154,Team D,Grp A,10.0
1155,Team E,Grp D,20.0
1156,Team C,Grp B,5.0
1157,Team C,Grp B,20.0
1158,Team D,Grp D,5.0
1159,Team C,Grp D,1.0
1160,Team E,Grp E,10.0
1161,Team E,Grp B,15.0
1162,Team A,Grp D,15.0
1163,Team E,Grp F,15.0
1164,Team F,Grp F,1.0
1165,Team C,Grp B,20.0
1166,Team D,Grp A,5.0
1167,Team B,Grp E,1.0
1168,Team A,Grp E,5.0
1169,Team E,Grp D,20.0
1170,Team E,Grp A,20.0
1171,Team E,Grp A,20.0
1172,Team C,Grp F,20.0
1173,Team A,Grp F,15.0
1174,Team B,Grp D,15.0
1175,Team D,Grp E,15.0
1176,Team F,Grp A,20.0
1177,Team F,Grp E,20.0
1178,Team B,Grp B,1.0
1179,Team F,Grp C,20.0
1180,Team A,Grp D,5.0
1181,Team F,Grp A,15.0
1182,Team A,Grp C,5.0
1183,Team D,Grp F,15.0
1184,Team F,Grp C,15.0
1185,Team E,Grp A,
1186,Team C,Grp C,20.0
1187,Team E,Grp D,10.0
1188,Team C,Grp D,1.0
1189,Team B,Grp C,
1190,Team D,Grp B,5.0
1191,Team D,Grp D,15.0
1192,Team B,Grp E,20.0
1193,Team C,Grp F,15.0
1194,Team C,Grp A,15.0
1195,Team C,Grp A,15.0
1196,Team E,Grp D,15.0
1197,Team A,Grp E,
1198,Team A,Grp F,15.0
1199,Team D,Grp C,10.0
1200,Team B,Grp E,5.0
1201,Team C,Grp B,5.0
1202,Team C,Grp F,
1203,Team B,Grp E,5.0
1204,Team F,Grp E,20.0
1205,Team E,Grp A,5.0
1206,Team E,Grp B,1.0
1207,Team A,Grp B,10.0
1208,Team C,Grp D,15.0
1209,Team F,Grp E,10.0
1210,Team D,Grp E,1.0
1211,Team E,Grp F,
1212,Team E,Grp F,15.0
1213,Team F,Grp B,15.0
1214,Team A,Grp E,15.0
1215,Team E,Grp F,
1216,Team B,Grp D,1.0
1217,Team D,Grp C,15.0
1218,Team A,Grp A,
1219,Team B,Grp A,5.0
1220,Team C,Grp A,10.0
1221,Team A,Grp A,15.0
1222,Team A,Grp A,5.0
1223,Team D,Grp A,20.0
1224,Team C,Grp A,15.0
1225,Team C,Grp F,15.0
1226,Team E,Grp A,1.0
1227,Team C,Grp C,20.0
1228,Team C,Grp D,10.0
1229,Team B,Grp A,5.0
1230,Team B,Grp F,15.0
1231,Team D,Grp D,1.0
1232,Team D,Grp D,15.0
1233,Team D,Grp C,15.0
1234,Team C,Grp E,1.0
1235,Team D,Grp D,
1236,Team F,Grp A,5.0
1237,Team A,Grp C,10.0
1238,Team B,Grp F,15.0
1239,Team D,Grp E,
1240,Team B,Grp F,10.0
1241,Team A,Grp D,10.0
1242,Team D,Grp C,20.0
1243,Team D,Grp D,5.0
1244,Team E,Grp F,20.0
1245,Team C,Grp A,20.0
1246,Team B,Grp E,10.0
1247,Team B,Grp A,10.0
1248,Team D,Grp B,15.0
1249,Team D,Grp E,1.0
1250,Team D,Grp C,
1251,Team E,Grp B,
1252,Team E,Grp E,5.0
1253,Team E,Grp C,10.0
1254,Team B,Grp D,
1255,Team E,Grp C,15.0
1256,Team F,Grp E,20.0
1257,Team A,Grp E,15.0
1258,Team B,Grp C,10.0
1259,Team E,Grp D,5.0
1260,Team F,Grp F,15.0
1261,Team A,Grp B,10.0
1262,Team A,Grp F,10.0
1263,Team A,Grp A,
1264,Team E,Grp E,15.0
1265,Team E,Grp B,20.0
1266,Team A,Grp A,20.0
1267,Team D,Grp B,5.0
1268,Team D,Grp C,15.0
1269,Team D,Grp F,5.0
1270,Team F,Grp A,15.0
1271,Team F,Grp F,10.0
1272,Team D,Grp A,5.0
1273,Team B,Grp D,1.0
1274,Team D,Grp D,
1275,Team D,Grp E,20.0
1276,Team B,Grp B,5.0
1277,Team A,Grp E,
1278,Team A,Grp D,10.0
1279,Team A,Grp E,1.0
1280,Team A,Grp C,
1281,Team B,Grp E,20.0
1282,Team F,Grp D,15.0
1283,Team A,Grp D,
1284,Team E,Grp B,
1285,Team A,Grp F,
1286,Team E,Grp D,1.0
1287,Team A,Grp D,
1288,Team B,Grp C,10.0
1289,Team E,Grp B,15.0
1290,Team A,Grp E,5.0
1291,Team B,Grp F,15.0
1292,Team B,Grp E,
1293,Team E,Grp C,5.0
1294,Team B,Grp B,
1295,Team B,Grp B,
1296,Team D,Grp C,
1297,Team D,Grp F,15.0
1298,Team C,Grp E,10.0
1299,Team D,Grp D,5.0
1300,Team A,Grp C,5.0
1301,Team F,Grp B,20.0
1302,Team A,Grp D,1.0
1303,Team B,Grp A,20.0
1304,Team A,Grp B,20.0
1305,Team E,Grp E,20.0
1306,Team C,Grp D,1.0
1307,Team D,Grp B,
1308,Team F,Grp B,10.0
1309,Team C,Grp D,1.0
1310,Team C,Grp F,
1311,Team E,Grp C,20.0
1312,Team C,Grp E,10.0
1313,Team B,Grp C,10.0
1314,Team A,Grp C,20.0
1315,Team A,Grp C,1.0
1316,Team F,Grp A,
1317,Team A,Grp D,
1318,Team B,Grp B,1.0
1319,Team C,Grp C,
1320,Team E,Grp D,20.0
1321,Team E,Grp F,5.0
1322,Team D,Grp B,10.0
1323,Team A,Grp C,5.0
1324,Team E,Grp C,
1325,Team C,Grp E,10.0
1326,Team D,Grp A,10.0
1327,Team B,Grp F,
1328,Team E,Grp C,15.0
1329,Team F,Grp C,20.0
1330,Team E,Grp E,5.0
1331,Team B,Grp D,1.0
1332,Team A,Grp B,10.0
1333,Team C,Grp C,20.0
1334,Team E,Grp F,15.0
1335,Team B,Grp D,
1336,Team C,Grp A,
1337,Team E,Grp F,15.0
1338,Team E,Grp B,5.0
1339,Team A,Grp F,1.0
1340,Team B,Grp D,5.0
1341,Team E,Grp E,1.0
1342,Team E,Grp F,10.0
1343,Team D,Grp B,5.0
1344,Team F,Grp A,5.0
1345,Team E,Grp A,15.0
1346,Team B,Grp D,5.0
1347,Team D,Grp B,20.0
1348,Team E,Grp D,10.0
1349,Team C,Grp E,
1350,Team E,Grp A,10.0
1351,Team F,Grp F,1.0
1352,Team C,Grp A,1.0
1353,Team F,Grp A,10.0
1354,Team A,Grp E,1.0
1355,Team F,Grp B,20.0
1356,Team B,Grp F,1.0
1357,Team F,Grp D,10.0
1358,Team D,Grp E,15.0
1359,Team D,Grp D,1.0
1360,Team E,Grp D,
1361,Team F,Grp F,1.0
1362,Team C,Grp E,
1363,Team C,Grp B,10.0
1364,Team E,Grp F,10.0
1365,Team D,Grp A,5.0
1366,Team F,Grp C,1.0
1367,Team B,Grp D,10.0
1368,Team B,Grp D,15.0
1369,Team D,Grp E,10.0
1370,Team B,Grp E,
1371,Team B,Grp E,20.0
1372,Team F,Grp B,
1373,Team C,Grp E,20.0
1374,Team D,Grp F,1.0
1375,Team D,Grp E,15.0
1376,Team E,Grp F,15.0
1377,Team F,Grp F,15.0
1378,Team F,Grp B,15.0
1379,Team B,Grp F,
1380,Team F,Grp A,5.0
1381,Team F,Grp A,10.0
1382,Team F,Grp E,15.0
1383,Team F,Grp B,10.0
1384,Team C,Grp A,
1385,Team E,Grp E,1.0
1386,Team B,Grp D,
1387,Team C,Grp A,1.0
1388,Team C,Grp A,
1389,Team F,Grp C,10.0
1390,Team D,Grp C,1.0
1391,Team C,Grp B,
1392,Team D,Grp A,15.0
1393,Team C,Grp D,5.0
1394,Team E,Grp C,15.0
1395,Team A,Grp F,10.0
1396,Team D,Grp E,10.0
1397,Team F,Grp E,
1398,Team D,Grp B,15.0
1399,Team C,Grp E,15.0
1400,Team F,Grp B,20.0
1401,Team E,Grp F,20.0
1402,Team D,Grp F,20.0
1403,Team C,Grp A,20.0
1404,Team F,Grp F,20.0
1405,Team D,Grp F,15.0
1406,Team A,Grp D,5.0
1407,Team A,Grp C,1.0
1408,Team D,Grp A,10.0
1409,Team A,Grp B,
1410,Team E,Grp C,
1411,Team E,Grp E,10.0
1412,Team B,Grp A,1.0
1413,Team B,Grp C,15.0
1414,Team F,Grp F,15.0
1415,Team C,Grp E,10.0
1416,Team F,Grp A,20.0
1417,Team A,Grp E,15.0
1418,Team D,Grp F,
1419,Team B,Grp F,15.0
1420,Team A,Grp B,20.0
1421,Team A,Grp B,1.0
1422,Team F,Grp E,20.0
1423,Team B,Grp A,10.0
1424,Team A,Grp D,15.0
1425,Team E,Grp B,10.0
1426,Team E,Grp F,1.0
1427,Team F,Grp F,5.0
1428,Team A,Grp A,20.0
1429,Team C,Grp C,20.0
1430,Team B,Grp A,20.0
1431,Team D,Grp A,1.0
1432,Team E,Grp C,20.0
1433,Team F,Grp A,
1434,Team A,Grp C,10.0
1435,Team D,Grp F,5.0
1436,Team F,Grp D,5.0
1437,Team A,Grp C,10.0
1438,Team E,Grp A,20.0
1439,Team F,Grp D,
1440,Team E,Grp D,1.0
1441,Team A,Grp E,15.0
1442,Team D,Grp D,5.0
1443,Team D,Grp E,1.0
1444,Team E,Grp C,5.0
1445,Team A,Grp B,15.0
1446,Team E,Grp C,15.0
1447,Team D,Grp D,20.0
1448,Team D,Grp A,
1449,Team C,Grp A,15.0
1450,Team B,Grp D,20.0
1451,Team B,Grp C,
1452,Team A,Grp A,10.0
1453,Team E,Grp A,
1454,Team A,Grp A,1.0
1455,Team E,Grp D,
1456,Team B,Grp E,1.0
1457,Team D,Grp F,
1458,Team A,Grp A,10.0
1459,Team A,Grp F,15.0
1460,Team A,Grp B,15.0
1461,Team C,Grp A,15.0
1462,Team E,Grp F,10.0
1463,Team D,Grp E,20.0
1464,Team F,Grp F,5.0
1465,Team A,Grp E,5.0
1466,Team E,Grp D,1.0
1467,Team F,Grp D,
1468,Team D,Grp E,15.0
1469,Team D,Grp C,20.0
1470,Team F,Grp F,10.0
1471,Team A,Grp E,15.0
1472,Team A,Grp D,20.0
1473,Team C,Grp A,5.0
1474,Team D,Grp C,5.0
1475,Team A,Grp D,10.0
1476,Team E,Grp F,5.0
1477,Team F,Grp D,20.0
1478,Team A,Grp A,20.0
1479,Team E,Grp C,10.0
1480,Team A,Grp A,10.0
1481,Team C,Grp A,1.0
1482,Team D,Grp B,
1483,Team F,Grp E,15.0
1484,Team A,Grp D,15.0
1485,Team B,Grp B,15.0
1486,Team A,Grp A,20.0
1487,Team E,Grp A,1.0
1488,Team D,Grp C,5.0
1489,Team D,Grp D,10.0
1490,Team C,Grp A,5.0
1491,Team E,Grp C,20.0
1492,Team D,Grp F,15.0
1493,Team C,Grp A,5.0
1494,Team D,Grp A,
1495,Team C,Grp D,1.0
1496,Team E,Grp A,20.0
1497,Team F,Grp D,
1498,Team F,Grp A,10.0
1499,Team A,Grp B,5.0
1500,Team A,Grp A,
1501,Team D,Grp D,1.0
1502,Team C,Grp F,15.0
1503,Team D,Grp D,1.0
1504,Team B,Grp A,
1505,Team C,Grp D,20.0
1506,Team F,Grp A,1.0
1507,Team C,Grp E,15.0
1508,Team B,Grp B,20.0
1509,Team C,Grp C,5.0
1510,Team E,Grp F,5.0
1511,Team F,Grp B,15.0
1512,Team F,Grp D,20.0
1513,Team A,Grp C,10.0
1514,Team B,Grp D,20.0
1515,Team F,Grp E,
1516,Team C,Grp E,1.0
1517,Team E,Grp B,15.0
1518,Team E,Grp E,15.0
1519,Team E,Grp A,10.0
1520,Team C,Grp C,10.0
1521,Team E,Grp C,5.0
1522,Team C,Grp E,1.0
1523,Team E,Grp F,5.0
1524,Team C,Grp F,15.0
1525,Team C,Grp C,20.0
1526,Team F,Grp B,15.0
1527,Team E,Grp E,20.0
1528,Team F,Grp D,
1529,Team B,Grp D,20.0
1530,Team C,Grp E,20.0
1531,Team E,Grp B,1.0
1532,Team B,Grp C,20.0
1533,Team D,Grp E,15.0
1534,Team B,Grp B,
1535,Team A,Grp D,15.0
1536,Team E,Grp D,1.0
1537,Team D,Grp E,15.0
1538,Team B,Grp B,15.0
1539,Team B,Grp A,20.0
1540,Team A,Grp F,20.0
1541,Team C,Grp E,15.0
1542,Team B,Grp C,
1543,Team C,Grp B,5.0
1544,Team A,Grp F,10.0
1545,Team C,Grp A,15.0
1546,Team A,Grp C,10.0
1547,Team E,Grp D,10.0
1548,Team C,Grp E,20.0
1549,Team D,Grp C,1.0
1550,Team D,Grp C,15.0
1551,Team D,Grp C,10.0
1552,Team B,Grp F,10.0
1553,Team B,Grp C,5.0
1554,Team D,Grp F,15.0
1555,Team D,Grp E,20.0
1556,Team C,Grp A,1.0
1557,Team A,Grp F,
1558,Team D,Grp C,
1559,Team D,Grp E,20.0
1560,Team C,Grp B,
1561,Team B,Grp B,20.0
1562,Team C,Grp C,10.0
1563,Team E,Grp C,15.0
1564,Team F,Grp F,5.0
1565,Team E,Grp F,10.0
1566,Team B,Grp E,10.0
1567,Team A,Grp C,
1568,Team C,Grp B,10.0
1569,Team E,Grp C,20.0
1570,Team E,Grp F,
1571,Team E,Grp F,20.0
1572,Team C,Grp F,10.0
1573,Team B,Grp E,10.0
1574,Team E,Grp B,20.0
1575,Team E,Grp C,1.0
1576,Team F,Grp B,5.0
1577,Team C,Grp D,10.0
1578,Team A,Grp F,10.0
1579,Team C,Grp F,5.0
1580,Team C,Grp F,10.0
1581,Team E,Grp C,1.0
1582,Team A,Grp A,5.0
1583,Team E,Grp C,15.0
1584,Team D,Grp F,15.0
1585,Team C,Grp C,15.0
1586,Team E,Grp B,10.0
1587,Team B,Grp D,10.0
1588,Team E,Grp A,
1589,Team B,Grp A,15.0
1590,Team B,Grp B,20.0
1591,Team F,Grp F,1.0
1592,Team B,Grp A,5.0
1593,Team D,Grp D,15.0
1594,Team E,Grp C,15.0
1595,Team D,Grp E,1.0
1596,Team B,Grp E,10.0
1597,Team E,Grp D,
1598,Team F,Grp F,10.0
1599,Team F,Grp B,15.0
1600,Team C,Grp F,10.0
1601,Team D,Grp A,1.0
1602,Team C,Grp D,1.0
1603,Team C,Grp E,10.0
1604,Team F,Grp A,10.0
1605,Team B,Grp A,15.0
1606,Team F,Grp F,20.0
1607,Team E,Grp E,5.0
1608,Team B,Grp C,
1609,Team B,Grp F,
1610,Team C,Grp C,20.0
1611,Team F,Grp A,1.0
1612,Team F,Grp C,10.0
1613,Team E,Grp A,20.0
1614,Team A,Grp D,5.0
1615,Team C,Grp F,15.0
1616,Team A,Grp B,
1617,Team F,Grp F,5.0
1618,Team E,Grp F,5.0
1619,Team E,Grp B,20.0
1620,Team C,Grp E,20.0
1621,Team E,Grp D,5.0
1622,Team C,Grp E,5.0
1623,Team A,Grp B,1.0
1624,Team D,Grp D,
1625,Team E,Grp A,10.0
1626,Team D,Grp B,1.0
1627,Team B,Grp C,10.0
1628,Team A,Grp A,
1629,Team E,Grp D,1.0
1630,Team B,Grp F,5.0
1631,Team D,Grp C,15.0
1632,Team B,Grp E,5.0
1633,Team C,Grp A,1.0
1634,Team D,Grp D,
1635,Team F,Grp D,
1636,Team D,Grp D,15.0
1637,Team A,Grp C,10.0
1638,Team D,Grp B,5.0
1639,Team F,Grp D,5.0
1640,Team D,Grp D,1.0
1641,Team F,Grp C,20.0
1642,Team D,Grp D,5.0
1643,Team A,Grp B,15.0
1644,Team B,Grp F,
1645,Team C,Grp B,20.0
1646,Team A,Grp E,20.0
1647,Team E,Grp F,
1648,Team D,Grp D,
1649,Team B,Grp A,5.0
1650,Team A,Grp A,10.0
1651,Team B,Grp E,5.0
1652,Team C,Grp F,
1653,Team F,Grp E,20.0
1654,Team C,Grp D,15.0
1655,Team F,Grp C,20.0
1656,Team B,Grp A,20.0
1657,Team C,Grp A,1.0
1658,Team A,Grp A,15.0
1659,Team F,Grp D,10.0
1660,Team A,Grp F,15.0
1661,Team B,Grp F,10.0
1662,Team C,Grp C,5.0
1663,Team C,Grp F,
1664,Team C,Grp C,1.0
1665,Team D,Grp D,1.0
1666,Team F,Grp F,10.0
1667,Team F,Grp F,
1668,Team F,Grp D,15.0
1669,Team F,Grp F,20.0
1670,Team A,Grp A,1.0
1671,Team D,Grp E,
1672,Team B,Grp E,20.0
1673,Team D,Grp D,10.0
1674,Team B,Grp F,20.0
1675,Team D,Grp E,5.0
1676,Team D,Grp F,20.0
1677,Team F,Grp B,5.0
1678,Team B,Grp F,15.0
1679,Team F,Grp C,20.0
1680,Team C,Grp B,15.0
1681,Team D,Grp E,5.0
1682,Team D,Grp C,10.0
1683,Team B,Grp D,15.0
1684,Team F,Grp F,1.0
1685,Team F,Grp C,1.0
1686,Team A,Grp E,
1687,Team F,Grp B,10.0
1688,Team B,Grp F,10.0
1689,Team A,Grp A,1.0
1690,Team D,Grp E,15.0
1691,Team C,Grp E,20.0
1692,Team C,Grp A,
1693,Team C,Grp D,1.0
1694,Team B,Grp F,5.0
1695,Team A,Grp F,1.0
1696,Team F,Grp A,1.0
1697,Team B,Grp B,20.0
1698,Team F,Grp C,
1699,Team C,Grp C,1.0
1700,Team C,Grp C,15.0
1701,Team A,Grp F,
1702,Team A,Grp E,20.0
1703,Team A,Grp E,5.0
1704,Team F,Grp A,5.0
1705,Team D,Grp A,10.0
1706,Team B,Grp E,
1707,Team E,Grp A,15.0
1708,Team F,Grp C,10.0
1709,Team E,Grp C,
1710,Team E,Grp E,10.0
1711,Team D,Grp E,5.0
1712,Team E,Grp A,10.0
1713,Team B,Grp B,5.0
1714,Team E,Grp E,20.0
1715,Team D,Grp B,5.0
1716,Team B,Grp E,5.0
1717,Team F,Grp D,10.0
1718,Team F,Grp E,15.0
1719,Team D,Grp E,10.0
1720,Team F,Grp F,15.0
1721,Team A,Grp D,20.0
1722,Team B,Grp A,1.0
1723,Team B,Grp C,10.0
1724,Team B,Grp A,15.0
1725,Team E,Grp A,20.0
1726,Team F,Grp B,15.0
1727,Team C,Grp C,1.0
1728,Team A,Grp B,20.0
1729,Team A,Grp F,
1730,Team C,Grp C,
1731,Team E,Grp F,5.0
1732,Team C,Grp A,
1733,Team E,Grp B,15.0
1734,Team A,Grp A,15.0
1735,Team C,Grp A,10.0
1736,Team F,Grp E,
1737,Team A,Grp F,15.0
1738,Team C,Grp E,15.0
1739,Team A,Grp F,5.0
1740,Team F,Grp A,1.0
1741,Team F,Grp B,10.0
1742,Team D,Grp A,15.0
1743,Team D,Grp C,1.0
1744,Team C,Grp A,10.0
1745,Team D,Grp B,10.0
1746,Team B,Grp A,10.0
1747,Team F,Grp E,10.0
1748,Team E,Grp D,1.0
1749,Team A,Grp A,
1750,Team B,Grp C,
1751,Team F,Grp F,20.0
1752,Team F,Grp A,15.0
1753,Team E,Grp B,20.0
1754,Team F,Grp A,1.0
1755,Team C,Grp B,10.0
1756,Team C,Grp E,1.0
1757,Team A,Grp E,5.0
1758,Team A,Grp E,10.0
1759,Team A,Grp E,
1760,Team C,Grp F,10.0
1761,Team B,Grp A,5.0
1762,Team D,Grp C,
1763,Team A,Grp E,
1764,Team E,Grp C,15.0
1765,Team D,Grp B,
1766,Team C,Grp C,20.0
1767,Team A,Grp B,10.0
1768,Team A,Grp A,20.0
1769,Team E,Grp A,15.0
1770,Team C,Grp B,10.0
1771,Team A,Grp E,1.0
1772,Team D,Grp E,10.0
1773,Team B,Grp F,20.0
1774,Team E,Grp D,15.0
1775,Team F,Grp F,20.0
1776,Team B,Grp B,
1777,Team D,Grp A,5.0
1778,Team C,Grp D,
1779,Team F,Grp F,
1780,Team C,Grp D,1.0
1781,Team B,Grp B,1.0
1782,Team B,Grp D,5.0
1783,Team D,Grp A,
1784,Team A,Grp D,
1785,Team F,Grp C,
1786,Team D,Grp D,1.0
1787,Team A,Grp B,10.0
1788,Team D,Grp A,5.0
1789,Team E,Grp A,
1790,Team E,Grp E,20.0
1791,Team C,Grp B,5.0
1792,Team F,Grp E,10.0
1793,Team E,Grp C,10.0
1794,Team A,Grp C,1.0
1795,Team D,Grp D,
1796,Team A,Grp A,1.0
1797,Team E,Grp E,1.0
1798,Team D,Grp C,5.0
1799,Team C,Grp C,5.0
1800,Team E,Grp D,1.0
1801,Team A,Grp D,
1802,Team C,Grp C,15.0
1803,Team C,Grp C,20.0
1804,Team A,Grp B,15.0
1805,Team E,Grp E,5.0
1806,Team E,Grp B,1.0
1807,Team A,Grp B,15.0
1808,Team D,Grp C,10.0
1809,Team E,Grp E,10.0
1810,Team C,Grp A,1.0
1811,Team C,Grp C,
1812,Team E,Grp C,10.0
1813,Team E,Grp F,
1814,Team C,Grp A,
1815,Team C,Grp B,20.0
1816,Team F,Grp F,1.0
1817,Team A,Grp A,
1818,Team F,Grp D,1.0
1819,Team C,Grp A,1.0
1820,Team D,Grp C,5.0
1821,Team B,Grp F,20.0
1822,Team C,Grp E,10.0
1823,Team B,Grp C,20.0
1824,Team E,Grp C,
1825,Team F,Grp C,15.0
1826,Team C,Grp D,1.0
1827,Team E,Grp B,15.0
1828,Team C,Grp C,1.0
1829,Team A,Grp D,5.0
1830,Team A,Grp B,5.0
1831,Team A,Grp F,10.0
1832,Team E,Grp C,10.0
1833,Team C,Grp D,
1834,Team D,Grp B,
1835,Team E,Grp E,15.0
1836,Team A,Grp A,20.0
1837,Team D,Grp D,10.0
1838,Team F,Grp A,15.0
1839,Team E,Grp A,
1840,Team B,Grp E,20.0
1841,Team F,Grp A,10.0
1842,Team D,Grp B,
1843,Team D,Grp F,20.0
1844,Team E,Grp D,5.0
1845,Team A,Grp C,15.0
1846,Team D,Grp C,15.0
1847,Team B,Grp B,20.0
1848,Team B,Grp C,10.0
1849,Team B,Grp D,1.0
1850,Team C,Grp C,
1851,Team E,Grp E,20.0
1852,Team F,Grp E,1.0
1853,Team B,Grp A,
1854,Team E,Grp A,10.0
1855,Team B,Grp A,10.0
1856,Team D,Grp B,1.0
1857,Team B,Grp C,15.0
1858,Team D,Grp F,15.0
1859,Team C,Grp F,5.0
1860,Team B,Grp E,10.0
1861,Team A,Grp F,5.0
1862,Team B,Grp B,20.0
1863,Team A,Grp F,20.0
1864,Team E,Grp A,5.0
1865,Team A,Grp B,5.0
1866,Team F,Grp E,1.0
1867,Team B,Grp F,
1868,Team D,Grp A,1.0
1869,Team C,Grp D,1.0
1870,Team B,Grp F,20.0
1871,Team F,Grp A,
1872,Team D,Grp B,5.0
1873,Team E,Grp E,5.0
1874,Team B,Grp B,10.0
1875,Team D,Grp C,5.0
1876,Team E,Grp D,20.0
1877,Team D,Grp B,5.0
1878,Team C,Grp F,
1879,Team D,Grp E,
1880,Team E,Grp D,15.0
1881,Team D,Grp E,15.0
1882,Team B,Grp A,15.0
1883,Team B,Grp E,1.0
1884,Team B,Grp B,15.0
1885,Team F,Grp D,1.0
1886,Team A,Grp F,5.0
1887,Team E,Grp B,10.0
1888,Team D,Grp D,1.0
1889,Team D,Grp B,20.0
1890,Team B,Grp D,20.0
1891,Team E,Grp B,5.0
1892,Team F,Grp C,15.0
1893,Team A,Grp F,1.0
1894,Team C,Grp F,5.0
1895,Team C,Grp C,
1896,Team D,Grp D,
1897,Team B,Grp C,15.0
1898,Team A,Grp F,10.0
1899,Team F,Grp A,
1900,Team D,Grp C,20.0
1901,Team D,Grp E,5.0
1902,Team B,Grp D,20.0
1903,Team D,Grp D,5.0
1904,Team F,Grp B,20.0
1905,Team B,Grp A,1.0
1906,Team F,Grp F,15.0
1907,Team B,Grp D,1.0
1908,Team F,Grp F,5.0
1909,Team E,Grp B,
1910,Team F,Grp E,15.0
1911,Team A,Grp C,15.0
1912,Team A,Grp C,15.0
1913,Team A,Grp C,
1914,Team D,Grp D,1.0
1915,Team E,Grp B,
1916,Team A,Grp C,10.0
1917,Team B,Grp D,
1918,Team B,Grp D,1.0
1919,Team E,Grp F,
1920,Team C,Grp B,10.0
1921,Team F,Grp B,
1922,Team F,Grp A,1.0
1923,Team C,Grp E,10.0
1924,Team E,Grp E,
1925,Team C,Grp C,
1926,Team D,Grp C,5.0
1927,Team B,Grp E,1.0
1928,Team B,Grp C,5.0
1929,Team B,Grp C,15.0
1930,Team B,Grp A,10.0
1931,Team F,Grp B,15.0
1932,Team E,Grp C,10.0
1933,Team F,Grp C,10.0
1934,Team F,Grp D,15.0
1935,Team A,Grp A,10.0
1936,Team A,Grp C,5.0
1937,Team F,Grp B,1.0
1938,Team F,Grp F,10.0
1939,Team E,Grp B,
1940,Team B,Grp F,
1941,Team C,Grp A,5.0
1942,Team B,Grp D,
1943,Team B,Grp D,15.0
1944,Team E,Grp F,5.0
1945,Team F,Grp F,10.0
1946,Team B,Grp E,5.0
1947,Team C,Grp A,15.0
1948,Team B,Grp F,5.0
1949,Team C,Grp F,5.0
1950,Team A,Grp F,15.0
1951,Team A,Grp B,5.0
1952,Team B,Grp E,10.0
1953,Team C,Grp E,
1954,Team C,Grp B,1.0
1955,Team D,Grp E,15.0
1956,Team F,Grp A,
1957,Team C,Grp C,1.0
1958,Team E,Grp A,20.0
1959,Team B,Grp E,10.0
1960,Team A,Grp B,20.0
1961,Team F,Grp B,10.0
1962,Team B,Grp C,10.0
1963,Team A,Grp B,
1964,Team E,Grp A,5.0
1965,Team F,Grp E,
1966,Team E,Grp D,10.0
1967,Team B,Grp E,1.0
1968,Team B,Grp A,1.0
1969,Team D,Grp E,5.0
1970,Team C,Grp A,15.0
1971,Team D,Grp D,5.0
1972,Team A,Grp C,
1973,Team F,Grp A,1.0
1974,Team B,Grp F,
1975,Team D,Grp D,5.0
1976,Team E,Grp B,
1977,Team D,Grp B,
1978,Team F,Grp C,20.0
1979,Team E,Grp D,1.0
1980,Team F,Grp E,5.0
1981,Team B,Grp D,1.0
1982,Team E,Grp D,1.0
1983,Team B,Grp D,
1984,Team F,Grp D,20.0
1985,Team E,Grp A,1.0
1986,Team A,Grp F,
1987,Team C,Grp D,10.0
1988,Team D,Grp F,10.0
1989,Team D,Grp E,15.0
1990,Team A,Grp B,1.0
1991,Team E,Grp D,15.0
1992,Team D,Grp D,10.0
1993,Team B,Grp B,15.0
1994,Team B,Grp C,15.0
1995,Team C,Grp E,10.0
1996,Team F,Grp D,5.0
1997,Team B,Grp C,10.0
1998,Team A,Grp E,1.0
1999,Team B,Grp C,10.0
2000,Team A,Grp E,1.0
